timestamp,pulses,energy_wh,energy_kwh,power_w,alert,mode
2026-10-02 04:59:48,591,591.000,0.591,3598.749,HIGH,SIMULATOR
2026-10-02 04:59:49,592,592.000,0.592,3587.441,HIGH,SIMULATOR
2026-10-02 04:59:50,593,593.000,0.593,3588.163,HIGH,SIMULATOR
2026-10-02 04:59:51,594,594.000,0.594,3584.396,HIGH,SIMULATOR
2026-10-02 04:59:52,595,595.000,0.595,3590.929,HIGH,SIMULATOR
2026-10-02 04:59:53,596,596.000,0.596,3590.178,HIGH,SIMULATOR
2026-10-02 04:59:54,597,597.000,0.597,3593.698,HIGH,SIMULATOR
2026-10-02 04:59:55,598,598.000,0.598,3591.857,HIGH,SIMULATOR
2026-10-02 04:59:56,599,599.000,0.599,3592.442,HIGH,SIMULATOR
2026-10-02 04:59:57,600,600.000,0.600,3592.355,HIGH,SIMULATOR
2026-10-02 04:59:58,601,601.000,0.601,3586.623,HIGH,SIMULATOR
2026-10-02 04:59:59,602,602.000,0.602,3551.149,HIGH,SIMULATOR
2026-10-02 05:00:00,603,603.000,0.603,3594.469,HIGH,SIMULATOR
2026-10-02 05:00:01,604,604.000,0.604,3595.196,HIGH,SIMULATOR
2026-10-02 05:00:02,605,605.000,0.605,3584.053,HIGH,SIMULATOR
2026-10-02 05:00:03,606,606.000,0.606,3594.713,HIGH,SIMULATOR
2026-10-02 05:00:04,607,607.000,0.607,3592.271,HIGH,SIMULATOR
2026-10-02 05:00:05,608,608.000,0.608,3592.054,HIGH,SIMULATOR
2026-10-02 05:00:06,609,609.000,0.609,3595.970,HIGH,SIMULATOR
2026-10-02 05:00:07,610,610.000,0.610,3590.555,HIGH,SIMULATOR
2026-10-02 05:00:08,611,611.000,0.611,3591.474,HIGH,SIMULATOR
2026-10-02 05:00:09,612,612.000,0.612,3595.163,HIGH,SIMULATOR
2026-10-02 05:00:10,613,613.000,0.613,3593.112,HIGH,SIMULATOR
2026-10-02 05:00:11,624,624.000,0.624,39471.383,HIGH,SIMULATOR
2026-10-02 05:00:12,625,625.000,0.625,3582.678,HIGH,SIMULATOR
2026-10-02 05:00:13,626,626.000,0.626,3590.532,HIGH,SIMULATOR
2026-10-02 05:00:14,627,627.000,0.627,3591.438,HIGH,SIMULATOR
2026-10-02 05:00:15,628,628.000,0.628,3590.162,HIGH,SIMULATOR
2026-10-02 05:00:16,629,629.000,0.629,3586.716,HIGH,SIMULATOR
2026-10-02 05:00:17,630,630.000,0.630,3595.883,HIGH,SIMULATOR
2026-10-02 05:00:18,631,631.000,0.631,3586.942,HIGH,SIMULATOR
2026-10-02 05:00:19,632,632.000,0.632,3587.033,HIGH,SIMULATOR
2026-10-02 05:00:20,633,633.000,0.633,3590.848,HIGH,SIMULATOR
2026-10-02 05:00:21,634,634.000,0.634,3581.749,HIGH,SIMULATOR
2026-10-02 05:00:22,635,635.000,0.635,3589.444,HIGH,SIMULATOR
2026-10-02 05:00:23,636,636.000,0.636,3590.809,HIGH,SIMULATOR
2026-10-02 05:00:24,637,637.000,0.637,3589.927,HIGH,SIMULATOR
2026-10-02 05:00:25,638,638.000,0.638,3589.431,HIGH,SIMULATOR
2026-10-02 05:00:26,1,1.000,0.001,0.000,NORMAL,SIMULATOR
2026-10-02 05:00:27,2,2.000,0.002,3591.827,HIGH,SIMULATOR
2026-10-02 05:00:28,3,3.000,0.003,3591.319,HIGH,SIMULATOR
2026-10-02 05:00:29,4,4.000,0.004,3592.592,HIGH,SIMULATOR
2026-10-02 05:00:30,5,5.000,0.005,3590.258,HIGH,SIMULATOR
2026-10-02 05:00:31,6,6.000,0.006,3592.092,HIGH,SIMULATOR
2026-10-02 05:00:32,7,7.000,0.007,3590.743,HIGH,SIMULATOR
2026-10-02 05:00:33,8,8.000,0.008,3595.230,HIGH,SIMULATOR
2026-10-02 05:00:34,9,9.000,0.009,3592.133,HIGH,SIMULATOR
2026-10-02 05:00:35,10,10.000,0.010,3593.602,HIGH,SIMULATOR
2026-10-02 05:00:36,11,11.000,0.011,3590.003,HIGH,SIMULATOR
2026-10-02 05:00:37,12,12.000,0.012,3587.053,HIGH,SIMULATOR
2026-10-02 05:00:38,13,13.000,0.013,3590.204,HIGH,SIMULATOR
2026-10-02 05:00:39,14,14.000,0.014,3594.728,HIGH,SIMULATOR
2026-10-02 05:00:40,15,15.000,0.015,3588.066,HIGH,SIMULATOR
2026-10-02 05:00:41,16,16.000,0.016,3592.236,HIGH,SIMULATOR
2026-10-02 05:00:42,117,117.000,0.117,362781.745,HIGH,SIMULATOR
2026-10-02 05:00:43,118,118.000,0.118,3590.517,HIGH,SIMULATOR
2026-10-02 05:00:44,219,219.000,0.219,362943.524,HIGH,SIMULATOR
2026-10-02 05:00:45,320,320.000,0.320,362473.494,HIGH,SIMULATOR
2026-10-02 05:00:46,621,621.000,0.621,1080745.794,HIGH,SIMULATOR
2026-10-02 05:00:47,622,622.000,0.622,3589.268,HIGH,SIMULATOR
2026-10-02 05:00:48,623,623.000,0.623,3591.898,HIGH,SIMULATOR
2026-10-02 05:00:49,624,624.000,0.624,3593.067,HIGH,SIMULATOR
2026-10-02 05:00:50,625,625.000,0.625,3588.060,HIGH,SIMULATOR
2026-10-02 05:00:51,626,626.000,0.626,3590.350,HIGH,SIMULATOR
2026-10-02 05:00:52,1627,1627.000,1.627,3580236.928,HIGH,SIMULATOR
2026-10-02 05:00:53,1628,1628.000,1.628,3588.525,HIGH,SIMULATOR
2026-10-02 05:00:54,1629,1629.000,1.629,3590.150,HIGH,SIMULATOR
2026-10-02 05:00:55,1630,1630.000,1.630,3590.596,HIGH,SIMULATOR
2026-10-02 05:00:56,1631,1631.000,1.631,3578.081,HIGH,SIMULATOR
2026-10-02 05:00:57,1632,1632.000,1.632,3593.109,HIGH,SIMULATOR
2026-10-02 05:00:58,1633,1633.000,1.633,3594.916,HIGH,SIMULATOR
2026-10-02 05:00:59,1634,1634.000,1.634,3592.257,HIGH,SIMULATOR
2026-10-02 05:01:00,1635,1635.000,1.635,3592.067,HIGH,SIMULATOR
2026-10-02 05:01:01,1636,1636.000,1.636,3592.007,HIGH,SIMULATOR
2026-10-02 05:01:02,1637,1637.000,1.637,3591.742,HIGH,SIMULATOR
2026-10-02 05:01:03,1638,1638.000,1.638,3589.655,HIGH,SIMULATOR
2026-10-02 05:01:04,1,1.000,0.001,0.000,NORMAL,SIMULATOR
2026-10-02 05:01:05,2,2.000,0.002,3593.014,HIGH,SIMULATOR
2026-10-02 05:01:06,3,3.000,0.003,3587.109,HIGH,SIMULATOR
2026-10-02 05:01:07,4,4.000,0.004,3594.733,HIGH,SIMULATOR
2026-10-02 05:01:08,5,5.000,0.005,3594.470,HIGH,SIMULATOR
2026-10-02 05:01:09,6,6.000,0.006,3591.664,HIGH,SIMULATOR
2026-10-02 05:01:10,7,7.000,0.007,3589.485,HIGH,SIMULATOR
2026-10-02 05:01:11,8,8.000,0.008,3591.151,HIGH,SIMULATOR
2026-10-02 05:01:12,9,9.000,0.009,3594.316,HIGH,SIMULATOR
2026-10-02 05:01:13,10,10.000,0.010,3589.040,HIGH,SIMULATOR
2026-10-02 05:01:14,11,11.000,0.011,3592.208,HIGH,SIMULATOR
2026-10-02 05:01:15,12,12.000,0.012,3595.506,HIGH,SIMULATOR
2026-10-02 05:01:16,13,13.000,0.013,3522.961,HIGH,SIMULATOR
2026-10-02 05:01:17,14,14.000,0.014,3595.781,HIGH,SIMULATOR
2026-10-02 05:01:18,15,15.000,0.015,3590.234,HIGH,SIMULATOR
2026-10-02 05:01:19,16,16.000,0.016,3588.784,HIGH,SIMULATOR
2026-10-02 05:01:20,17,17.000,0.017,3594.847,HIGH,SIMULATOR
2026-10-02 05:01:21,18,18.000,0.018,3597.364,HIGH,SIMULATOR
2026-10-02 05:01:22,19,19.000,0.019,3595.675,HIGH,SIMULATOR
2026-10-02 05:01:23,20,20.000,0.020,3594.639,HIGH,SIMULATOR
2026-10-02 05:01:24,21,21.000,0.021,3596.556,HIGH,SIMULATOR
2026-10-02 05:01:25,22,22.000,0.022,3595.245,HIGH,SIMULATOR
2026-10-02 05:01:26,23,23.000,0.023,3593.727,HIGH,SIMULATOR
2026-10-02 05:01:27,24,24.000,0.024,3594.615,HIGH,SIMULATOR
2026-10-02 05:01:28,25,25.000,0.025,3595.468,HIGH,SIMULATOR
2026-10-02 05:01:29,26,26.000,0.026,3589.995,HIGH,SIMULATOR
2026-10-02 05:01:30,27,27.000,0.027,3594.899,HIGH,SIMULATOR
2026-10-02 05:01:31,28,28.000,0.028,3591.641,HIGH,SIMULATOR
2026-10-02 05:01:32,29,29.000,0.029,3581.806,HIGH,SIMULATOR
2026-10-02 05:01:33,30,30.000,0.030,3591.718,HIGH,SIMULATOR
2026-10-02 05:01:34,31,31.000,0.031,3586.197,HIGH,SIMULATOR
2026-10-02 05:01:35,32,32.000,0.032,3590.277,HIGH,SIMULATOR
2026-10-02 05:01:36,33,33.000,0.033,3589.751,HIGH,SIMULATOR
2026-10-02 05:01:37,34,34.000,0.034,3591.536,HIGH,SIMULATOR
2026-10-02 05:01:38,35,35.000,0.035,3588.384,HIGH,SIMULATOR
2026-10-02 05:01:39,36,36.000,0.036,3584.663,HIGH,SIMULATOR
2026-10-02 05:01:40,37,37.000,0.037,3592.413,HIGH,SIMULATOR
2026-10-02 05:01:41,38,38.000,0.038,3593.391,HIGH,SIMULATOR
2026-10-02 05:01:42,39,39.000,0.039,3587.943,HIGH,SIMULATOR
2026-10-02 05:01:43,40,40.000,0.040,3591.968,HIGH,SIMULATOR
2026-10-02 05:01:44,41,41.000,0.041,3584.613,HIGH,SIMULATOR
2026-10-02 05:01:45,42,42.000,0.042,3582.981,HIGH,SIMULATOR
2026-10-02 05:01:46,43,43.000,0.043,3593.506,HIGH,SIMULATOR
2026-10-02 05:01:47,44,44.000,0.044,3592.162,HIGH,SIMULATOR
2026-10-02 05:01:48,45,45.000,0.045,3590.822,HIGH,SIMULATOR
2026-10-02 05:01:49,46,46.000,0.046,3587.406,HIGH,SIMULATOR
2026-10-02 05:01:50,47,47.000,0.047,3593.433,HIGH,SIMULATOR
2026-10-02 05:01:51,48,48.000,0.048,3594.049,HIGH,SIMULATOR
2026-10-02 05:01:52,49,49.000,0.049,3592.767,HIGH,SIMULATOR
2026-10-02 05:01:53,50,50.000,0.050,3591.829,HIGH,SIMULATOR
2026-10-02 05:01:54,51,51.000,0.051,3590.372,HIGH,SIMULATOR
2026-10-02 05:01:55,52,52.000,0.052,3593.335,HIGH,SIMULATOR
2026-10-02 05:01:56,53,53.000,0.053,3590.529,HIGH,SIMULATOR
2026-10-02 05:01:57,54,54.000,0.054,3589.688,HIGH,SIMULATOR
2026-10-02 05:01:58,55,55.000,0.055,3586.718,HIGH,SIMULATOR
2026-10-02 05:01:59,56,56.000,0.056,3586.728,HIGH,SIMULATOR
2026-10-02 05:02:00,57,57.000,0.057,3592.154,HIGH,SIMULATOR
2026-10-02 05:02:01,58,58.000,0.058,3585.449,HIGH,SIMULATOR
2026-10-02 05:02:02,59,59.000,0.059,3591.369,HIGH,SIMULATOR
2026-10-02 05:02:03,60,60.000,0.060,3590.804,HIGH,SIMULATOR
2026-10-02 05:02:04,61,61.000,0.061,3591.218,HIGH,SIMULATOR
2026-10-02 05:02:05,62,62.000,0.062,3583.071,HIGH,SIMULATOR
2026-10-02 05:02:06,63,63.000,0.063,3585.126,HIGH,SIMULATOR
2026-10-02 05:02:07,64,64.000,0.064,3587.953,HIGH,SIMULATOR
2026-10-02 05:02:08,65,65.000,0.065,3583.972,HIGH,SIMULATOR
2026-10-02 05:02:09,66,66.000,0.066,3530.881,HIGH,SIMULATOR
2026-10-02 05:02:10,67,67.000,0.067,3592.077,HIGH,SIMULATOR
2026-10-02 05:02:11,68,68.000,0.068,3594.511,HIGH,SIMULATOR
2026-10-02 05:02:12,69,69.000,0.069,3595.528,HIGH,SIMULATOR
2026-10-02 05:02:13,70,70.000,0.070,3593.808,HIGH,SIMULATOR
2026-10-02 05:02:14,71,71.000,0.071,3591.186,HIGH,SIMULATOR
2026-10-02 05:02:15,72,72.000,0.072,3593.593,HIGH,SIMULATOR
2026-10-02 05:02:16,73,73.000,0.073,3587.995,HIGH,SIMULATOR
2026-10-02 05:02:17,74,74.000,0.074,3584.014,HIGH,SIMULATOR
2026-10-02 05:02:18,75,75.000,0.075,3592.214,HIGH,SIMULATOR
2026-10-02 05:02:19,76,76.000,0.076,3592.558,HIGH,SIMULATOR
2026-10-02 05:02:20,77,77.000,0.077,3590.079,HIGH,SIMULATOR
2026-10-02 05:02:21,78,78.000,0.078,3591.393,HIGH,SIMULATOR
2026-10-02 05:02:22,79,79.000,0.079,3593.258,HIGH,SIMULATOR
2026-10-02 05:02:23,80,80.000,0.080,3591.059,HIGH,SIMULATOR
2026-10-02 05:02:24,81,81.000,0.081,3586.620,HIGH,SIMULATOR
2026-10-02 05:02:25,82,82.000,0.082,3590.602,HIGH,SIMULATOR
2026-10-02 05:02:26,83,83.000,0.083,3589.332,HIGH,SIMULATOR
2026-10-02 05:02:27,84,84.000,0.084,3591.483,HIGH,SIMULATOR
2026-10-02 05:02:28,85,85.000,0.085,3593.695,HIGH,SIMULATOR
2026-10-02 05:02:29,86,86.000,0.086,3592.564,HIGH,SIMULATOR
2026-10-02 05:02:30,87,87.000,0.087,3565.854,HIGH,SIMULATOR
2026-10-02 05:02:31,88,88.000,0.088,3594.130,HIGH,SIMULATOR
2026-10-02 05:02:32,89,89.000,0.089,3585.616,HIGH,SIMULATOR
2026-10-02 05:02:33,90,90.000,0.090,3591.903,HIGH,SIMULATOR
2026-10-02 05:02:34,91,91.000,0.091,3587.628,HIGH,SIMULATOR
2026-10-02 05:02:35,92,92.000,0.092,3589.465,HIGH,SIMULATOR
2026-10-02 05:02:36,93,93.000,0.093,3586.588,HIGH,SIMULATOR
2026-10-02 05:02:37,94,94.000,0.094,3587.575,HIGH,SIMULATOR
2026-10-02 05:02:38,95,95.000,0.095,3584.181,HIGH,SIMULATOR
2026-10-02 05:02:39,96,96.000,0.096,3592.299,HIGH,SIMULATOR
2026-10-02 05:02:40,97,97.000,0.097,3587.467,HIGH,SIMULATOR
2026-10-02 05:02:41,98,98.000,0.098,3586.010,HIGH,SIMULATOR
2026-10-02 05:02:42,99,99.000,0.099,3592.365,HIGH,SIMULATOR
2026-10-02 05:02:43,100,100.000,0.100,3593.600,HIGH,SIMULATOR
2026-10-02 05:02:44,101,101.000,0.101,3594.814,HIGH,SIMULATOR
2026-10-02 05:02:45,102,102.000,0.102,3594.770,HIGH,SIMULATOR
2026-10-02 05:02:46,103,103.000,0.103,3594.869,HIGH,SIMULATOR
2026-10-02 05:02:47,104,104.000,0.104,3592.188,HIGH,SIMULATOR
2026-10-02 05:02:48,105,105.000,0.105,3591.120,HIGH,SIMULATOR
2026-10-02 05:02:49,106,106.000,0.106,3593.728,HIGH,SIMULATOR
2026-10-02 05:02:50,107,107.000,0.107,3589.227,HIGH,SIMULATOR
2026-10-02 05:02:51,108,108.000,0.108,3567.418,HIGH,SIMULATOR
2026-10-02 05:02:52,109,109.000,0.109,3590.813,HIGH,SIMULATOR
2026-10-02 05:02:53,110,110.000,0.110,3591.878,HIGH,SIMULATOR
2026-10-02 05:02:54,111,111.000,0.111,3594.795,HIGH,SIMULATOR
2026-10-02 05:02:55,112,112.000,0.112,3591.726,HIGH,SIMULATOR
2026-10-02 05:02:56,113,113.000,0.113,3588.569,HIGH,SIMULATOR
2026-10-02 05:02:57,114,114.000,0.114,3564.683,HIGH,SIMULATOR
2026-10-02 05:02:58,115,115.000,0.115,3580.938,HIGH,SIMULATOR
2026-10-02 05:02:59,116,116.000,0.116,3590.471,HIGH,SIMULATOR
2026-10-02 05:03:00,117,117.000,0.117,3590.473,HIGH,SIMULATOR
2026-10-02 05:03:01,118,118.000,0.118,3594.274,HIGH,SIMULATOR
2026-10-02 05:03:02,119,119.000,0.119,3541.075,HIGH,SIMULATOR
2026-10-02 05:03:03,120,120.000,0.120,3592.484,HIGH,SIMULATOR
2026-10-02 05:03:04,121,121.000,0.121,3590.327,HIGH,SIMULATOR
2026-10-02 05:03:05,122,122.000,0.122,3590.325,HIGH,SIMULATOR
2026-10-02 05:03:06,123,123.000,0.123,3592.901,HIGH,SIMULATOR
2026-10-02 05:03:07,124,124.000,0.124,3590.007,HIGH,SIMULATOR
2026-10-02 05:03:08,125,125.000,0.125,3591.342,HIGH,SIMULATOR
2026-10-02 05:03:09,126,126.000,0.126,3589.230,HIGH,SIMULATOR
2026-10-02 05:03:10,127,127.000,0.127,3589.249,HIGH,SIMULATOR
2026-10-02 05:03:11,128,128.000,0.128,3590.072,HIGH,SIMULATOR
2026-10-02 05:03:12,129,129.000,0.129,3592.276,HIGH,SIMULATOR
2026-10-02 05:03:13,130,130.000,0.130,3567.908,HIGH,SIMULATOR
2026-10-02 05:03:14,131,131.000,0.131,3589.574,HIGH,SIMULATOR
2026-10-02 05:03:15,132,132.000,0.132,3589.042,HIGH,SIMULATOR
2026-10-02 05:03:16,133,133.000,0.133,3589.660,HIGH,SIMULATOR
2026-10-02 05:03:17,134,134.000,0.134,3588.752,HIGH,SIMULATOR
2026-10-02 05:03:18,135,135.000,0.135,3591.277,HIGH,SIMULATOR
2026-10-02 05:03:19,136,136.000,0.136,3586.847,HIGH,SIMULATOR
2026-10-02 05:03:20,137,137.000,0.137,3579.534,HIGH,SIMULATOR
2026-10-02 05:03:21,138,138.000,0.138,3537.221,HIGH,SIMULATOR
2026-10-02 05:03:22,139,139.000,0.139,3591.910,HIGH,SIMULATOR
2026-10-02 05:03:23,140,140.000,0.140,3591.156,HIGH,SIMULATOR
2026-10-02 05:03:24,141,141.000,0.141,3552.908,HIGH,SIMULATOR
2026-10-02 05:03:25,142,142.000,0.142,3587.523,HIGH,SIMULATOR
2026-10-02 05:03:26,143,143.000,0.143,3584.777,HIGH,SIMULATOR
2026-10-02 05:03:27,144,144.000,0.144,3590.231,HIGH,SIMULATOR
2026-10-02 05:03:28,145,145.000,0.145,3588.693,HIGH,SIMULATOR
2026-10-02 05:03:29,146,146.000,0.146,3587.716,HIGH,SIMULATOR
2026-10-02 05:03:30,147,147.000,0.147,3586.016,HIGH,SIMULATOR
2026-10-02 05:03:31,148,148.000,0.148,3593.453,HIGH,SIMULATOR
2026-10-02 05:03:32,149,149.000,0.149,3588.170,HIGH,SIMULATOR
2026-10-02 05:03:33,150,150.000,0.150,3589.634,HIGH,SIMULATOR
2026-10-02 05:03:34,151,151.000,0.151,3591.268,HIGH,SIMULATOR
2026-10-02 05:03:35,152,152.000,0.152,3576.687,HIGH,SIMULATOR
2026-10-02 05:03:36,153,153.000,0.153,3583.638,HIGH,SIMULATOR
2026-10-02 05:03:37,154,154.000,0.154,3590.607,HIGH,SIMULATOR
2026-10-02 05:03:38,155,155.000,0.155,3591.208,HIGH,SIMULATOR
2026-10-02 05:03:39,156,156.000,0.156,3575.976,HIGH,SIMULATOR
2026-10-02 05:03:40,157,157.000,0.157,3517.195,HIGH,SIMULATOR
2026-10-02 05:03:41,158,158.000,0.158,3591.090,HIGH,SIMULATOR
2026-10-02 05:03:42,159,159.000,0.159,3590.543,HIGH,SIMULATOR
2026-10-02 05:03:43,160,160.000,0.160,3589.853,HIGH,SIMULATOR
2026-10-02 05:03:44,161,161.000,0.161,3589.173,HIGH,SIMULATOR
2026-10-02 05:03:45,162,162.000,0.162,3591.364,HIGH,SIMULATOR
2026-10-02 05:03:46,163,163.000,0.163,3593.719,HIGH,SIMULATOR
2026-10-02 05:03:47,164,164.000,0.164,3592.536,HIGH,SIMULATOR
2026-10-02 05:03:48,165,165.000,0.165,3593.031,HIGH,SIMULATOR
2026-10-02 05:03:49,166,166.000,0.166,3589.638,HIGH,SIMULATOR
2026-10-02 05:03:50,167,167.000,0.167,3593.955,HIGH,SIMULATOR
2026-10-02 05:03:51,168,168.000,0.168,3589.373,HIGH,SIMULATOR
2026-10-02 05:03:52,169,169.000,0.169,3558.441,HIGH,SIMULATOR
2026-10-02 05:03:53,170,170.000,0.170,3588.694,HIGH,SIMULATOR
2026-10-02 05:03:54,171,171.000,0.171,3593.388,HIGH,SIMULATOR
2026-10-02 05:03:55,172,172.000,0.172,3594.495,HIGH,SIMULATOR
2026-10-02 05:03:56,173,173.000,0.173,3593.057,HIGH,SIMULATOR
2026-10-02 05:03:57,174,174.000,0.174,3592.527,HIGH,SIMULATOR
2026-10-02 05:03:58,175,175.000,0.175,3590.094,HIGH,SIMULATOR
2026-10-02 05:03:59,176,176.000,0.176,3590.373,HIGH,SIMULATOR
2026-10-02 05:04:00,177,177.000,0.177,3591.942,HIGH,SIMULATOR
2026-10-02 05:04:01,178,178.000,0.178,3592.825,HIGH,SIMULATOR
2026-10-02 05:04:02,179,179.000,0.179,3580.282,HIGH,SIMULATOR
2026-10-02 05:04:03,180,180.000,0.180,3589.173,HIGH,SIMULATOR
2026-10-02 05:04:04,181,181.000,0.181,3590.887,HIGH,SIMULATOR
2026-10-02 05:04:05,182,182.000,0.182,3594.401,HIGH,SIMULATOR
2026-10-02 05:04:06,183,183.000,0.183,3590.585,HIGH,SIMULATOR
2026-10-02 05:04:07,184,184.000,0.184,3591.674,HIGH,SIMULATOR
2026-10-02 05:04:08,185,185.000,0.185,3587.161,HIGH,SIMULATOR
2026-10-02 05:04:10,186,186.000,0.186,3555.589,HIGH,SIMULATOR
2026-10-02 05:04:11,187,187.000,0.187,3590.520,HIGH,SIMULATOR
2026-10-02 05:04:12,188,188.000,0.188,3590.658,HIGH,SIMULATOR
2026-10-02 05:04:13,189,189.000,0.189,3591.532,HIGH,SIMULATOR
2026-10-02 05:04:14,190,190.000,0.190,3595.066,HIGH,SIMULATOR
2026-10-02 05:04:15,191,191.000,0.191,3594.144,HIGH,SIMULATOR
2026-10-02 05:04:16,192,192.000,0.192,3594.728,HIGH,SIMULATOR
2026-10-02 05:04:17,193,193.000,0.193,3592.647,HIGH,SIMULATOR
2026-10-02 05:04:18,194,194.000,0.194,3587.613,HIGH,SIMULATOR
2026-10-02 05:04:19,195,195.000,0.195,3590.334,HIGH,SIMULATOR
2026-10-02 05:04:20,196,196.000,0.196,3590.246,HIGH,SIMULATOR
2026-10-02 05:04:21,197,197.000,0.197,3590.987,HIGH,SIMULATOR
2026-10-02 05:04:22,198,198.000,0.198,3590.733,HIGH,SIMULATOR
2026-10-02 05:04:23,199,199.000,0.199,3589.052,HIGH,SIMULATOR
2026-10-02 05:04:24,200,200.000,0.200,3588.866,HIGH,SIMULATOR
2026-10-02 05:04:25,201,201.000,0.201,3591.416,HIGH,SIMULATOR
2026-10-02 05:04:26,202,202.000,0.202,3592.743,HIGH,SIMULATOR
2026-10-02 05:04:27,203,203.000,0.203,3591.539,HIGH,SIMULATOR
2026-10-02 05:04:28,204,204.000,0.204,3591.705,HIGH,SIMULATOR
2026-10-02 05:04:29,205,205.000,0.205,3587.483,HIGH,SIMULATOR
2026-10-02 05:04:30,206,206.000,0.206,3582.489,HIGH,SIMULATOR
2026-10-02 05:04:31,207,207.000,0.207,3591.625,HIGH,SIMULATOR
2026-10-02 05:04:32,208,208.000,0.208,3589.034,HIGH,SIMULATOR
2026-10-02 05:04:33,209,209.000,0.209,3593.675,HIGH,SIMULATOR
2026-10-02 05:04:34,210,210.000,0.210,3545.854,HIGH,SIMULATOR
2026-10-02 05:04:35,211,211.000,0.211,3589.144,HIGH,SIMULATOR
2026-10-02 05:04:36,212,212.000,0.212,3593.909,HIGH,SIMULATOR
2026-10-02 05:04:37,213,213.000,0.213,3595.393,HIGH,SIMULATOR
2026-10-02 05:04:38,214,214.000,0.214,3590.150,HIGH,SIMULATOR
2026-10-02 05:04:39,215,215.000,0.215,3592.108,HIGH,SIMULATOR
2026-10-02 05:04:40,216,216.000,0.216,3591.367,HIGH,SIMULATOR
2026-10-02 05:04:41,217,217.000,0.217,3589.100,HIGH,SIMULATOR
2026-10-02 05:04:42,218,218.000,0.218,3589.513,HIGH,SIMULATOR
2026-10-02 05:04:43,219,219.000,0.219,3589.169,HIGH,SIMULATOR
2026-10-02 05:04:44,220,220.000,0.220,3592.379,HIGH,SIMULATOR
2026-10-02 05:04:45,221,221.000,0.221,3590.087,HIGH,SIMULATOR
2026-10-02 05:04:46,222,222.000,0.222,3554.297,HIGH,SIMULATOR
2026-10-02 05:04:47,223,223.000,0.223,3591.744,HIGH,SIMULATOR
2026-10-02 05:04:48,224,224.000,0.224,3587.376,HIGH,SIMULATOR
2026-10-02 05:04:49,225,225.000,0.225,3585.039,HIGH,SIMULATOR
2026-10-02 05:04:50,226,226.000,0.226,3588.843,HIGH,SIMULATOR
2026-10-02 05:04:51,227,227.000,0.227,3590.129,HIGH,SIMULATOR
2026-10-02 05:04:52,228,228.000,0.228,3552.321,HIGH,SIMULATOR
2026-10-02 05:04:53,229,229.000,0.229,3556.892,HIGH,SIMULATOR
2026-10-02 05:04:54,230,230.000,0.230,3590.096,HIGH,SIMULATOR
2026-10-02 05:04:55,231,231.000,0.231,3585.413,HIGH,SIMULATOR
2026-10-02 05:04:56,232,232.000,0.232,3592.535,HIGH,SIMULATOR
2026-10-02 05:04:57,233,233.000,0.233,3591.273,HIGH,SIMULATOR
2026-10-02 05:04:58,234,234.000,0.234,3591.396,HIGH,SIMULATOR
2026-10-02 05:04:59,235,235.000,0.235,3590.065,HIGH,SIMULATOR
2026-10-02 05:05:00,236,236.000,0.236,3586.156,HIGH,SIMULATOR
2026-10-02 05:05:01,237,237.000,0.237,3566.916,HIGH,SIMULATOR
2026-10-02 05:05:02,238,238.000,0.238,3589.319,HIGH,SIMULATOR
2026-10-02 05:05:03,239,239.000,0.239,3588.819,HIGH,SIMULATOR
2026-10-02 05:05:04,240,240.000,0.240,3588.968,HIGH,SIMULATOR
2026-10-02 05:05:05,241,241.000,0.241,3588.580,HIGH,SIMULATOR
2026-10-02 05:05:06,242,242.000,0.242,3587.503,HIGH,SIMULATOR
2026-10-02 05:05:07,243,243.000,0.243,3594.948,HIGH,SIMULATOR
2026-10-02 05:05:08,244,244.000,0.244,3593.463,HIGH,SIMULATOR
2026-10-02 05:05:09,245,245.000,0.245,3592.768,HIGH,SIMULATOR
2026-10-02 05:05:10,246,246.000,0.246,3591.732,HIGH,SIMULATOR
2026-10-02 05:05:11,247,247.000,0.247,3589.383,HIGH,SIMULATOR
2026-10-02 05:05:12,248,248.000,0.248,3591.062,HIGH,SIMULATOR
2026-10-02 05:05:13,249,249.000,0.249,3589.192,HIGH,SIMULATOR
2026-10-02 05:05:14,250,250.000,0.250,3589.457,HIGH,SIMULATOR
2026-10-02 05:05:15,251,251.000,0.251,3588.299,HIGH,SIMULATOR
2026-10-02 05:05:16,252,252.000,0.252,3589.545,HIGH,SIMULATOR
2026-10-02 05:05:17,253,253.000,0.253,3589.889,HIGH,SIMULATOR
2026-10-02 05:05:18,254,254.000,0.254,3594.312,HIGH,SIMULATOR
2026-10-02 05:05:19,255,255.000,0.255,3592.183,HIGH,SIMULATOR
2026-10-02 05:05:20,256,256.000,0.256,3587.621,HIGH,SIMULATOR
2026-10-02 05:05:21,257,257.000,0.257,3589.209,HIGH,SIMULATOR
2026-10-02 05:05:22,258,258.000,0.258,3588.167,HIGH,SIMULATOR
2026-10-02 05:05:23,259,259.000,0.259,3586.924,HIGH,SIMULATOR
2026-10-02 05:05:24,260,260.000,0.260,3589.513,HIGH,SIMULATOR
2026-10-02 05:05:25,261,261.000,0.261,3588.747,HIGH,SIMULATOR
2026-10-02 05:05:26,262,262.000,0.262,3565.661,HIGH,SIMULATOR
2026-10-02 05:05:27,263,263.000,0.263,3593.799,HIGH,SIMULATOR
2026-10-02 05:05:28,264,264.000,0.264,3557.491,HIGH,SIMULATOR
2026-10-02 05:05:29,265,265.000,0.265,3590.064,HIGH,SIMULATOR
2026-10-02 05:05:30,266,266.000,0.266,3593.179,HIGH,SIMULATOR
2026-10-02 05:05:31,267,267.000,0.267,3591.104,HIGH,SIMULATOR
2026-10-02 05:05:32,268,268.000,0.268,3594.982,HIGH,SIMULATOR
2026-10-02 05:05:33,269,269.000,0.269,3588.579,HIGH,SIMULATOR
2026-10-02 05:05:34,270,270.000,0.270,3589.020,HIGH,SIMULATOR
2026-10-02 05:05:35,271,271.000,0.271,3592.444,HIGH,SIMULATOR
2026-10-02 05:05:36,272,272.000,0.272,3589.610,HIGH,SIMULATOR
2026-10-02 05:05:37,273,273.000,0.273,3588.718,HIGH,SIMULATOR
2026-10-02 05:05:38,274,274.000,0.274,3592.232,HIGH,SIMULATOR
2026-10-02 05:05:39,275,275.000,0.275,3584.404,HIGH,SIMULATOR
2026-10-02 05:05:40,276,276.000,0.276,3591.613,HIGH,SIMULATOR
2026-10-02 05:05:41,277,277.000,0.277,3594.795,HIGH,SIMULATOR
2026-10-02 05:05:42,278,278.000,0.278,3594.565,HIGH,SIMULATOR
2026-10-02 05:05:43,279,279.000,0.279,3591.357,HIGH,SIMULATOR
2026-10-02 05:05:44,280,280.000,0.280,3592.085,HIGH,SIMULATOR
2026-10-02 05:05:45,281,281.000,0.281,3591.176,HIGH,SIMULATOR
2026-10-02 05:05:46,282,282.000,0.282,3547.794,HIGH,SIMULATOR
2026-10-02 05:05:47,283,283.000,0.283,3594.665,HIGH,SIMULATOR
2026-10-02 05:05:48,284,284.000,0.284,3592.398,HIGH,SIMULATOR
2026-10-02 05:05:49,285,285.000,0.285,3573.316,HIGH,SIMULATOR
2026-10-02 05:05:50,286,286.000,0.286,3592.131,HIGH,SIMULATOR
2026-10-02 05:05:51,287,287.000,0.287,3591.818,HIGH,SIMULATOR
2026-10-02 05:05:52,288,288.000,0.288,3592.181,HIGH,SIMULATOR
2026-10-02 05:05:53,289,289.000,0.289,3590.553,HIGH,SIMULATOR
2026-10-02 05:05:54,290,290.000,0.290,3590.274,HIGH,SIMULATOR
2026-10-02 05:05:55,291,291.000,0.291,3589.714,HIGH,SIMULATOR
2026-10-02 05:05:56,292,292.000,0.292,3593.913,HIGH,SIMULATOR
2026-10-02 05:05:57,293,293.000,0.293,3588.637,HIGH,SIMULATOR
2026-10-02 05:05:58,294,294.000,0.294,3593.719,HIGH,SIMULATOR
2026-10-02 05:05:59,295,295.000,0.295,3591.228,HIGH,SIMULATOR
2026-10-02 05:06:00,296,296.000,0.296,3591.872,HIGH,SIMULATOR
2026-10-02 05:06:01,297,297.000,0.297,3586.350,HIGH,SIMULATOR
2026-10-02 05:06:02,298,298.000,0.298,3591.102,HIGH,SIMULATOR
2026-10-02 05:06:03,299,299.000,0.299,3592.087,HIGH,SIMULATOR
2026-10-02 05:06:04,300,300.000,0.300,3567.972,HIGH,SIMULATOR
2026-10-02 05:06:05,301,301.000,0.301,3590.017,HIGH,SIMULATOR
2026-10-02 05:06:06,302,302.000,0.302,3590.272,HIGH,SIMULATOR
2026-10-02 05:06:07,303,303.000,0.303,3590.734,HIGH,SIMULATOR
2026-10-02 05:06:08,304,304.000,0.304,3590.323,HIGH,SIMULATOR
2026-10-02 05:06:09,305,305.000,0.305,3577.669,HIGH,SIMULATOR
2026-10-02 05:06:10,306,306.000,0.306,3589.003,HIGH,SIMULATOR
2026-10-02 05:06:11,307,307.000,0.307,3569.416,HIGH,SIMULATOR
2026-10-02 05:06:12,308,308.000,0.308,3594.118,HIGH,SIMULATOR
2026-10-02 05:06:13,309,309.000,0.309,3592.354,HIGH,SIMULATOR
2026-10-02 05:06:14,310,310.000,0.310,3592.910,HIGH,SIMULATOR
2026-10-02 05:06:15,311,311.000,0.311,3593.843,HIGH,SIMULATOR
2026-10-02 05:06:16,312,312.000,0.312,3592.873,HIGH,SIMULATOR
2026-10-02 05:06:17,313,313.000,0.313,3592.655,HIGH,SIMULATOR
2026-10-02 05:06:18,314,314.000,0.314,3592.565,HIGH,SIMULATOR
2026-10-02 05:06:19,315,315.000,0.315,3590.512,HIGH,SIMULATOR
2026-10-02 05:06:20,316,316.000,0.316,3591.106,HIGH,SIMULATOR
2026-10-02 05:06:21,317,317.000,0.317,3592.754,HIGH,SIMULATOR
2026-10-02 05:06:22,318,318.000,0.318,3589.968,HIGH,SIMULATOR
2026-10-02 05:06:23,319,319.000,0.319,3591.499,HIGH,SIMULATOR
2026-10-02 05:06:24,320,320.000,0.320,3591.471,HIGH,SIMULATOR
2026-10-02 05:06:25,321,321.000,0.321,3588.239,HIGH,SIMULATOR
2026-10-02 05:06:26,322,322.000,0.322,3591.584,HIGH,SIMULATOR
2026-10-02 05:06:27,323,323.000,0.323,3590.601,HIGH,SIMULATOR
2026-10-02 05:06:28,324,324.000,0.324,3594.034,HIGH,SIMULATOR
2026-10-02 05:06:29,325,325.000,0.325,3593.932,HIGH,SIMULATOR
2026-10-02 05:06:30,326,326.000,0.326,3590.778,HIGH,SIMULATOR
2026-10-02 05:06:31,327,327.000,0.327,3591.124,HIGH,SIMULATOR
2026-10-02 05:06:32,328,328.000,0.328,3589.877,HIGH,SIMULATOR
2026-10-02 05:06:33,329,329.000,0.329,3591.165,HIGH,SIMULATOR
2026-10-02 05:06:34,330,330.000,0.330,3585.484,HIGH,SIMULATOR
2026-10-02 05:06:35,331,331.000,0.331,3587.122,HIGH,SIMULATOR
2026-10-02 05:06:36,332,332.000,0.332,3592.889,HIGH,SIMULATOR
2026-10-02 05:06:37,333,333.000,0.333,3585.980,HIGH,SIMULATOR
2026-10-02 05:06:38,334,334.000,0.334,3590.576,HIGH,SIMULATOR
2026-10-02 05:06:39,335,335.000,0.335,3590.123,HIGH,SIMULATOR
2026-10-02 05:06:40,336,336.000,0.336,3587.003,HIGH,SIMULATOR
2026-10-02 05:06:41,337,337.000,0.337,3591.779,HIGH,SIMULATOR
2026-10-02 05:06:42,338,338.000,0.338,3591.588,HIGH,SIMULATOR
2026-10-02 05:06:43,339,339.000,0.339,3588.478,HIGH,SIMULATOR
2026-10-02 05:06:44,340,340.000,0.340,3585.673,HIGH,SIMULATOR
2026-10-02 05:06:45,341,341.000,0.341,3588.018,HIGH,SIMULATOR
2026-10-02 05:06:46,342,342.000,0.342,3591.004,HIGH,SIMULATOR
2026-10-02 05:06:47,343,343.000,0.343,3591.631,HIGH,SIMULATOR
2026-10-02 05:06:48,344,344.000,0.344,3592.041,HIGH,SIMULATOR
2026-10-02 05:06:49,345,345.000,0.345,3590.358,HIGH,SIMULATOR
2026-10-02 05:06:50,346,346.000,0.346,3586.260,HIGH,SIMULATOR
2026-10-02 05:06:51,347,347.000,0.347,3590.277,HIGH,SIMULATOR
2026-10-02 05:06:52,348,348.000,0.348,3590.455,HIGH,SIMULATOR
2026-10-02 05:06:53,349,349.000,0.349,3592.131,HIGH,SIMULATOR
2026-10-02 05:06:54,350,350.000,0.350,3590.612,HIGH,SIMULATOR
2026-10-02 05:06:55,351,351.000,0.351,3592.873,HIGH,SIMULATOR
2026-10-02 05:06:56,352,352.000,0.352,3591.366,HIGH,SIMULATOR
2026-10-02 05:06:57,353,353.000,0.353,3590.976,HIGH,SIMULATOR
2026-10-02 05:06:58,354,354.000,0.354,3588.883,HIGH,SIMULATOR
2026-10-02 05:06:59,355,355.000,0.355,3589.304,HIGH,SIMULATOR
2026-10-02 05:07:00,356,356.000,0.356,3589.896,HIGH,SIMULATOR
2026-10-02 05:07:01,357,357.000,0.357,3590.780,HIGH,SIMULATOR
2026-10-02 05:07:02,358,358.000,0.358,3590.299,HIGH,SIMULATOR
2026-10-02 05:07:03,359,359.000,0.359,3589.832,HIGH,SIMULATOR
2026-10-02 05:07:04,360,360.000,0.360,3588.746,HIGH,SIMULATOR
2026-10-02 05:07:05,361,361.000,0.361,3589.928,HIGH,SIMULATOR
2026-10-02 05:07:06,362,362.000,0.362,3591.569,HIGH,SIMULATOR
2026-10-02 05:07:07,363,363.000,0.363,3587.162,HIGH,SIMULATOR
2026-10-02 05:07:08,364,364.000,0.364,3589.551,HIGH,SIMULATOR
2026-10-02 05:07:09,365,365.000,0.365,3585.055,HIGH,SIMULATOR
2026-10-02 05:07:10,366,366.000,0.366,3590.186,HIGH,SIMULATOR
2026-10-02 05:07:11,367,367.000,0.367,3588.840,HIGH,SIMULATOR
2026-10-02 05:07:12,368,368.000,0.368,3591.151,HIGH,SIMULATOR
2026-10-02 05:07:13,369,369.000,0.369,3588.804,HIGH,SIMULATOR
2026-10-02 05:07:14,370,370.000,0.370,3588.987,HIGH,SIMULATOR
2026-10-02 05:07:15,371,371.000,0.371,3589.728,HIGH,SIMULATOR
2026-10-02 05:07:16,372,372.000,0.372,3591.815,HIGH,SIMULATOR
2026-10-02 05:07:17,373,373.000,0.373,3589.618,HIGH,SIMULATOR
2026-10-02 05:07:18,374,374.000,0.374,3589.606,HIGH,SIMULATOR
2026-10-02 05:07:19,375,375.000,0.375,3590.639,HIGH,SIMULATOR
2026-10-02 05:07:20,376,376.000,0.376,3590.977,HIGH,SIMULATOR
2026-10-02 05:07:21,377,377.000,0.377,3591.282,HIGH,SIMULATOR
2026-10-02 05:07:22,378,378.000,0.378,3592.271,HIGH,SIMULATOR
2026-10-02 05:07:23,379,379.000,0.379,3589.559,HIGH,SIMULATOR
2026-10-02 05:07:24,380,380.000,0.380,3588.210,HIGH,SIMULATOR
2026-10-02 05:07:25,381,381.000,0.381,3585.308,HIGH,SIMULATOR
2026-10-02 05:07:26,382,382.000,0.382,3589.631,HIGH,SIMULATOR
2026-10-02 05:07:27,383,383.000,0.383,3590.376,HIGH,SIMULATOR
2026-10-02 05:07:28,384,384.000,0.384,3585.285,HIGH,SIMULATOR
2026-10-02 05:07:29,385,385.000,0.385,3589.651,HIGH,SIMULATOR
2026-10-02 05:07:30,386,386.000,0.386,3589.638,HIGH,SIMULATOR
2026-10-02 05:07:31,387,387.000,0.387,3591.483,HIGH,SIMULATOR
2026-10-02 05:07:32,388,388.000,0.388,3587.723,HIGH,SIMULATOR
2026-10-02 05:07:33,389,389.000,0.389,3590.142,HIGH,SIMULATOR
2026-10-02 05:07:34,390,390.000,0.390,3590.131,HIGH,SIMULATOR
2026-10-02 05:07:35,391,391.000,0.391,3591.433,HIGH,SIMULATOR
2026-10-02 05:07:36,392,392.000,0.392,3589.420,HIGH,SIMULATOR
2026-10-02 05:07:37,393,393.000,0.393,3591.139,HIGH,SIMULATOR
2026-10-02 05:07:38,394,394.000,0.394,3589.762,HIGH,SIMULATOR
2026-10-02 05:07:39,395,395.000,0.395,3590.836,HIGH,SIMULATOR
2026-10-02 05:07:40,396,396.000,0.396,3590.317,HIGH,SIMULATOR
2026-10-02 05:07:41,397,397.000,0.397,3595.352,HIGH,SIMULATOR
2026-10-02 05:07:42,398,398.000,0.398,3594.502,HIGH,SIMULATOR
2026-10-02 05:07:43,399,399.000,0.399,3594.708,HIGH,SIMULATOR
2026-10-02 05:07:44,400,400.000,0.400,3590.843,HIGH,SIMULATOR
2026-10-02 05:07:45,401,401.000,0.401,3591.059,HIGH,SIMULATOR
2026-10-02 05:07:46,402,402.000,0.402,3591.239,HIGH,SIMULATOR
2026-10-02 05:07:47,403,403.000,0.403,3535.818,HIGH,SIMULATOR
2026-10-02 05:07:48,404,404.000,0.404,3591.558,HIGH,SIMULATOR
2026-10-02 05:07:49,405,405.000,0.405,3591.708,HIGH,SIMULATOR
2026-10-02 05:07:50,406,406.000,0.406,3592.029,HIGH,SIMULATOR
2026-10-02 05:07:51,407,407.000,0.407,3592.434,HIGH,SIMULATOR
2026-10-02 05:07:52,408,408.000,0.408,3590.375,HIGH,SIMULATOR
2026-10-02 05:07:53,409,409.000,0.409,3588.691,HIGH,SIMULATOR
2026-10-02 05:07:54,410,410.000,0.410,3591.345,HIGH,SIMULATOR
2026-10-02 05:07:55,411,411.000,0.411,3592.768,HIGH,SIMULATOR
2026-10-02 05:07:56,412,412.000,0.412,3587.609,HIGH,SIMULATOR
2026-10-02 05:07:57,413,413.000,0.413,3592.610,HIGH,SIMULATOR
2026-10-02 05:07:58,414,414.000,0.414,3588.047,HIGH,SIMULATOR
2026-10-02 05:07:59,415,415.000,0.415,3591.221,HIGH,SIMULATOR
2026-10-02 05:08:00,416,416.000,0.416,3589.925,HIGH,SIMULATOR
2026-10-02 05:08:01,417,417.000,0.417,3550.600,HIGH,SIMULATOR
2026-10-02 05:08:02,418,418.000,0.418,3587.947,HIGH,SIMULATOR
2026-10-02 05:08:03,419,419.000,0.419,3589.618,HIGH,SIMULATOR
2026-10-02 05:08:04,420,420.000,0.420,3587.085,HIGH,SIMULATOR
2026-10-02 05:08:05,421,421.000,0.421,3590.222,HIGH,SIMULATOR
2026-10-02 05:08:06,422,422.000,0.422,3583.453,HIGH,SIMULATOR
2026-10-02 05:08:07,423,423.000,0.423,3590.789,HIGH,SIMULATOR
2026-10-02 05:08:08,424,424.000,0.424,3588.256,HIGH,SIMULATOR
2026-10-02 05:08:09,425,425.000,0.425,3583.562,HIGH,SIMULATOR
2026-10-02 05:08:10,426,426.000,0.426,3589.722,HIGH,SIMULATOR
2026-10-02 05:08:11,427,427.000,0.427,3590.441,HIGH,SIMULATOR
2026-10-02 05:08:12,428,428.000,0.428,3593.442,HIGH,SIMULATOR
2026-10-02 05:08:13,429,429.000,0.429,3585.960,HIGH,SIMULATOR
2026-10-02 05:08:14,430,430.000,0.430,3582.299,HIGH,SIMULATOR
2026-10-02 05:08:15,431,431.000,0.431,3587.704,HIGH,SIMULATOR
2026-10-02 05:08:16,432,432.000,0.432,3588.202,HIGH,SIMULATOR
2026-10-02 05:08:17,433,433.000,0.433,3587.269,HIGH,SIMULATOR
2026-10-02 05:08:18,434,434.000,0.434,3586.688,HIGH,SIMULATOR
2026-10-02 05:08:19,435,435.000,0.435,3591.168,HIGH,SIMULATOR
2026-10-02 05:08:20,436,436.000,0.436,3595.255,HIGH,SIMULATOR
2026-10-02 05:08:21,437,437.000,0.437,3590.636,HIGH,SIMULATOR
2026-10-02 05:08:22,438,438.000,0.438,3590.681,HIGH,SIMULATOR
2026-10-02 05:08:23,439,439.000,0.439,3591.921,HIGH,SIMULATOR
2026-10-02 05:08:24,440,440.000,0.440,3589.226,HIGH,SIMULATOR
2026-10-02 05:08:25,441,441.000,0.441,3593.817,HIGH,SIMULATOR
2026-10-02 05:08:26,442,442.000,0.442,3591.695,HIGH,SIMULATOR
2026-10-02 05:08:27,443,443.000,0.443,3590.196,HIGH,SIMULATOR
2026-10-02 05:08:28,444,444.000,0.444,3572.189,HIGH,SIMULATOR
2026-10-02 05:08:29,445,445.000,0.445,3583.642,HIGH,SIMULATOR
2026-10-02 05:08:30,446,446.000,0.446,3589.002,HIGH,SIMULATOR
2026-10-02 05:08:31,447,447.000,0.447,3582.084,HIGH,SIMULATOR
2026-10-02 05:08:32,448,448.000,0.448,3585.225,HIGH,SIMULATOR
2026-10-02 05:08:33,449,449.000,0.449,3590.433,HIGH,SIMULATOR
2026-10-02 05:08:34,450,450.000,0.450,3592.617,HIGH,SIMULATOR
2026-10-02 05:08:35,451,451.000,0.451,3591.551,HIGH,SIMULATOR
2026-10-02 05:08:36,452,452.000,0.452,3581.234,HIGH,SIMULATOR
2026-10-02 05:08:37,453,453.000,0.453,3569.534,HIGH,SIMULATOR
2026-10-02 05:08:38,454,454.000,0.454,3583.767,HIGH,SIMULATOR
2026-10-02 05:08:39,455,455.000,0.455,3591.845,HIGH,SIMULATOR
2026-10-02 05:08:40,456,456.000,0.456,3594.511,HIGH,SIMULATOR
2026-10-02 05:08:41,457,457.000,0.457,3592.591,HIGH,SIMULATOR
2026-10-02 05:08:42,458,458.000,0.458,3593.887,HIGH,SIMULATOR
2026-10-02 05:08:43,459,459.000,0.459,3592.951,HIGH,SIMULATOR
2026-10-02 05:08:44,460,460.000,0.460,3590.366,HIGH,SIMULATOR
2026-10-02 05:08:45,461,461.000,0.461,3592.999,HIGH,SIMULATOR
2026-10-02 05:08:46,462,462.000,0.462,3576.726,HIGH,SIMULATOR
2026-10-02 05:08:47,463,463.000,0.463,3590.979,HIGH,SIMULATOR
2026-10-02 05:08:48,464,464.000,0.464,3588.969,HIGH,SIMULATOR
2026-10-02 05:08:49,465,465.000,0.465,3588.595,HIGH,SIMULATOR
2026-10-02 05:08:50,466,466.000,0.466,3577.245,HIGH,SIMULATOR
2026-10-02 05:08:51,467,467.000,0.467,3589.953,HIGH,SIMULATOR
2026-10-02 05:08:52,468,468.000,0.468,3590.436,HIGH,SIMULATOR
2026-10-02 05:08:53,469,469.000,0.469,3594.447,HIGH,SIMULATOR
2026-10-02 05:08:54,470,470.000,0.470,3590.337,HIGH,SIMULATOR
2026-10-02 05:08:55,471,471.000,0.471,3585.295,HIGH,SIMULATOR
2026-10-02 05:08:56,472,472.000,0.472,3590.572,HIGH,SIMULATOR
2026-10-02 05:08:57,473,473.000,0.473,3593.084,HIGH,SIMULATOR
2026-10-02 05:08:58,474,474.000,0.474,3589.927,HIGH,SIMULATOR
2026-10-02 05:08:59,475,475.000,0.475,3591.438,HIGH,SIMULATOR
2026-10-02 05:09:00,476,476.000,0.476,3589.360,HIGH,SIMULATOR
2026-10-02 05:09:01,477,477.000,0.477,3588.447,HIGH,SIMULATOR
2026-10-02 05:09:02,478,478.000,0.478,3588.383,HIGH,SIMULATOR
2026-10-02 05:09:03,479,479.000,0.479,3566.294,HIGH,SIMULATOR
2026-10-02 05:09:04,480,480.000,0.480,3592.574,HIGH,SIMULATOR
2026-10-02 05:09:05,481,481.000,0.481,3572.849,HIGH,SIMULATOR
2026-10-02 05:09:06,482,482.000,0.482,3589.723,HIGH,SIMULATOR
2026-10-02 05:09:07,483,483.000,0.483,3590.216,HIGH,SIMULATOR
2026-10-02 05:09:08,484,484.000,0.484,3591.159,HIGH,SIMULATOR
2026-10-02 05:09:09,485,485.000,0.485,3592.375,HIGH,SIMULATOR
2026-10-02 05:09:10,486,486.000,0.486,3591.539,HIGH,SIMULATOR
2026-10-02 05:09:11,487,487.000,0.487,3592.996,HIGH,SIMULATOR
2026-10-02 05:09:12,488,488.000,0.488,3591.548,HIGH,SIMULATOR
2026-10-02 05:09:13,489,489.000,0.489,3592.849,HIGH,SIMULATOR
2026-10-02 05:09:14,490,490.000,0.490,3594.227,HIGH,SIMULATOR
2026-10-02 05:09:15,491,491.000,0.491,3559.695,HIGH,SIMULATOR
2026-10-02 05:09:16,492,492.000,0.492,3587.614,HIGH,SIMULATOR
2026-10-02 05:09:17,493,493.000,0.493,3593.168,HIGH,SIMULATOR
2026-10-02 05:09:18,494,494.000,0.494,3594.779,HIGH,SIMULATOR
2026-10-02 05:09:19,495,495.000,0.495,3592.438,HIGH,SIMULATOR
2026-10-02 05:09:20,496,496.000,0.496,3592.251,HIGH,SIMULATOR
2026-10-02 05:09:22,497,497.000,0.497,3594.601,HIGH,SIMULATOR
2026-10-02 05:09:23,498,498.000,0.498,3593.466,HIGH,SIMULATOR
2026-10-02 05:09:24,499,499.000,0.499,3593.883,HIGH,SIMULATOR
2026-10-02 05:09:25,500,500.000,0.500,3593.734,HIGH,SIMULATOR
2026-10-02 05:09:26,501,501.000,0.501,3591.432,HIGH,SIMULATOR
2026-10-02 05:09:27,502,502.000,0.502,3591.969,HIGH,SIMULATOR
2026-10-02 05:09:28,503,503.000,0.503,3587.890,HIGH,SIMULATOR
2026-10-02 05:09:29,504,504.000,0.504,3593.101,HIGH,SIMULATOR
2026-10-02 05:09:30,505,505.000,0.505,3585.099,HIGH,SIMULATOR
2026-10-02 05:09:31,506,506.000,0.506,3591.541,HIGH,SIMULATOR
2026-10-02 05:09:32,507,507.000,0.507,3592.186,HIGH,SIMULATOR
2026-10-02 05:09:33,508,508.000,0.508,3580.415,HIGH,SIMULATOR
2026-10-02 05:09:34,509,509.000,0.509,3542.226,HIGH,SIMULATOR
2026-10-02 05:09:35,510,510.000,0.510,3591.216,HIGH,SIMULATOR
2026-10-02 05:09:36,511,511.000,0.511,3589.001,HIGH,SIMULATOR
2026-10-02 05:09:37,512,512.000,0.512,3590.213,HIGH,SIMULATOR
2026-10-02 05:09:38,513,513.000,0.513,3591.549,HIGH,SIMULATOR
2026-10-02 05:09:39,514,514.000,0.514,3592.104,HIGH,SIMULATOR
2026-10-02 05:09:40,515,515.000,0.515,3591.824,HIGH,SIMULATOR
2026-10-02 05:09:41,516,516.000,0.516,3588.798,HIGH,SIMULATOR
2026-10-02 05:09:42,517,517.000,0.517,3592.165,HIGH,SIMULATOR
2026-10-02 05:09:43,518,518.000,0.518,3589.662,HIGH,SIMULATOR
2026-10-02 05:09:44,519,519.000,0.519,3552.101,HIGH,SIMULATOR
2026-10-02 05:09:45,520,520.000,0.520,3586.346,HIGH,SIMULATOR
2026-10-02 05:09:46,521,521.000,0.521,3591.953,HIGH,SIMULATOR
2026-10-02 05:09:47,522,522.000,0.522,3589.588,HIGH,SIMULATOR
2026-10-02 05:09:48,523,523.000,0.523,3586.858,HIGH,SIMULATOR
2026-10-02 05:09:49,524,524.000,0.524,3585.258,HIGH,SIMULATOR
2026-10-02 05:09:50,525,525.000,0.525,3591.603,HIGH,SIMULATOR
2026-10-02 05:09:51,526,526.000,0.526,3589.602,HIGH,SIMULATOR
2026-10-02 05:09:52,527,527.000,0.527,3581.692,HIGH,SIMULATOR
2026-10-02 05:09:53,528,528.000,0.528,3517.222,HIGH,SIMULATOR
2026-10-02 05:09:54,529,529.000,0.529,3592.240,HIGH,SIMULATOR
2026-10-02 05:09:55,530,530.000,0.530,3589.422,HIGH,SIMULATOR
2026-10-02 05:09:56,531,531.000,0.531,3585.305,HIGH,SIMULATOR
2026-10-02 05:09:57,532,532.000,0.532,3589.429,HIGH,SIMULATOR
2026-10-02 05:09:58,533,533.000,0.533,3587.873,HIGH,SIMULATOR
2026-10-02 05:09:59,534,534.000,0.534,3592.305,HIGH,SIMULATOR
2026-10-02 05:10:00,535,535.000,0.535,3588.659,HIGH,SIMULATOR
2026-10-02 05:10:01,536,536.000,0.536,3586.059,HIGH,SIMULATOR
2026-10-02 05:10:02,537,537.000,0.537,3589.331,HIGH,SIMULATOR
2026-10-02 05:10:03,538,538.000,0.538,3590.664,HIGH,SIMULATOR
2026-10-02 05:10:04,539,539.000,0.539,3591.791,HIGH,SIMULATOR
2026-10-02 05:10:05,540,540.000,0.540,3591.178,HIGH,SIMULATOR
2026-10-02 05:10:06,541,541.000,0.541,3595.982,HIGH,SIMULATOR
2026-10-02 05:10:07,542,542.000,0.542,3592.558,HIGH,SIMULATOR
2026-10-02 05:10:08,543,543.000,0.543,3590.890,HIGH,SIMULATOR
2026-10-02 05:10:09,544,544.000,0.544,3588.379,HIGH,SIMULATOR
2026-10-02 05:10:10,545,545.000,0.545,3590.410,HIGH,SIMULATOR
2026-10-02 05:10:11,546,546.000,0.546,3592.695,HIGH,SIMULATOR
2026-10-02 05:10:12,547,547.000,0.547,3512.510,HIGH,SIMULATOR
2026-10-02 05:10:13,548,548.000,0.548,3590.583,HIGH,SIMULATOR
2026-10-02 05:10:14,549,549.000,0.549,3590.085,HIGH,SIMULATOR
2026-10-02 05:10:15,550,550.000,0.550,3572.759,HIGH,SIMULATOR
2026-10-02 05:10:16,551,551.000,0.551,3591.473,HIGH,SIMULATOR
2026-10-02 05:10:17,552,552.000,0.552,3587.744,HIGH,SIMULATOR
2026-10-02 05:10:18,553,553.000,0.553,3592.353,HIGH,SIMULATOR
2026-10-02 05:10:19,554,554.000,0.554,3587.718,HIGH,SIMULATOR
2026-10-02 05:10:20,555,555.000,0.555,3589.226,HIGH,SIMULATOR
2026-10-02 05:10:21,556,556.000,0.556,3590.452,HIGH,SIMULATOR
2026-10-02 05:10:22,557,557.000,0.557,3592.961,HIGH,SIMULATOR
2026-10-02 05:10:23,558,558.000,0.558,3591.126,HIGH,SIMULATOR
2026-10-02 05:10:24,559,559.000,0.559,3589.658,HIGH,SIMULATOR
2026-10-02 05:10:25,560,560.000,0.560,3585.754,HIGH,SIMULATOR
2026-10-02 05:10:26,561,561.000,0.561,3589.985,HIGH,SIMULATOR
2026-10-02 05:10:27,562,562.000,0.562,3585.516,HIGH,SIMULATOR
2026-10-02 05:10:28,563,563.000,0.563,3590.171,HIGH,SIMULATOR
2026-10-02 05:10:29,564,564.000,0.564,3590.852,HIGH,SIMULATOR
2026-10-02 05:10:30,565,565.000,0.565,3565.524,HIGH,SIMULATOR
2026-10-02 05:10:31,566,566.000,0.566,3594.539,HIGH,SIMULATOR
2026-10-02 05:10:32,567,567.000,0.567,3595.179,HIGH,SIMULATOR
2026-10-02 05:10:33,568,568.000,0.568,3592.220,HIGH,SIMULATOR
2026-10-02 05:10:34,569,569.000,0.569,3593.644,HIGH,SIMULATOR
2026-10-02 05:10:35,570,570.000,0.570,3590.381,HIGH,SIMULATOR
2026-10-02 05:10:36,571,571.000,0.571,3590.582,HIGH,SIMULATOR
2026-10-02 05:10:37,572,572.000,0.572,3593.474,HIGH,SIMULATOR
2026-10-02 05:10:38,573,573.000,0.573,3593.490,HIGH,SIMULATOR
2026-10-02 05:10:39,574,574.000,0.574,3589.323,HIGH,SIMULATOR
2026-10-02 05:10:40,575,575.000,0.575,3591.831,HIGH,SIMULATOR
2026-10-02 05:10:41,576,576.000,0.576,3583.600,HIGH,SIMULATOR
2026-10-02 05:10:42,577,577.000,0.577,3593.251,HIGH,SIMULATOR
2026-10-02 05:10:43,578,578.000,0.578,3594.210,HIGH,SIMULATOR
2026-10-02 05:10:44,579,579.000,0.579,3593.653,HIGH,SIMULATOR
2026-10-02 05:10:45,580,580.000,0.580,3586.791,HIGH,SIMULATOR
2026-10-02 05:10:46,581,581.000,0.581,3589.879,HIGH,SIMULATOR
2026-10-02 05:10:47,582,582.000,0.582,3590.375,HIGH,SIMULATOR
2026-10-02 05:10:48,583,583.000,0.583,3593.064,HIGH,SIMULATOR
2026-10-02 05:10:49,584,584.000,0.584,3583.363,HIGH,SIMULATOR
2026-10-02 05:10:50,585,585.000,0.585,3590.671,HIGH,SIMULATOR
2026-10-02 05:10:51,586,586.000,0.586,3595.656,HIGH,SIMULATOR
2026-10-02 05:10:52,587,587.000,0.587,3594.032,HIGH,SIMULATOR
2026-10-02 05:10:53,588,588.000,0.588,3591.491,HIGH,SIMULATOR
2026-10-02 05:10:54,589,589.000,0.589,3593.032,HIGH,SIMULATOR
2026-10-02 05:10:55,590,590.000,0.590,3586.851,HIGH,SIMULATOR
2026-10-02 05:10:56,591,591.000,0.591,3592.680,HIGH,SIMULATOR
2026-10-02 05:10:57,1,1.000,0.001,0.000,NORMAL,SIMULATOR
2026-10-02 05:10:58,2,2.000,0.002,3591.960,HIGH,SIMULATOR
2026-10-02 05:10:59,1,1.000,0.001,0.000,NORMAL,SIMULATOR
2026-10-02 05:11:00,2,2.000,0.002,3579.776,HIGH,SIMULATOR
2026-10-02 05:11:01,3,3.000,0.003,3583.604,HIGH,SIMULATOR
2026-10-02 05:11:02,14,14.000,0.014,39510.252,HIGH,SIMULATOR
2026-10-02 05:11:03,15,15.000,0.015,3589.543,HIGH,SIMULATOR
2026-10-02 05:11:04,16,16.000,0.016,3592.148,HIGH,SIMULATOR
2026-10-02 05:11:05,17,17.000,0.017,3522.549,HIGH,SIMULATOR
2026-10-02 05:11:06,118,118.000,0.118,362692.421,HIGH,SIMULATOR
2026-10-02 05:11:07,119,119.000,0.119,3590.178,HIGH,SIMULATOR
2026-10-02 05:11:08,1120,1120.000,1.120,3596636.060,HIGH,SIMULATOR
2026-10-02 05:11:09,1121,1121.000,1.121,3592.083,HIGH,SIMULATOR
2026-10-02 05:11:10,1122,1122.000,1.122,3594.056,HIGH,SIMULATOR
2026-10-02 05:11:11,1123,1123.000,1.123,3590.219,HIGH,SIMULATOR
2026-10-02 05:11:12,1124,1124.000,1.124,3592.254,HIGH,SIMULATOR
2026-10-02 05:11:13,1225,1225.000,1.225,362529.494,HIGH,SIMULATOR
2026-10-02 05:11:14,1326,1326.000,1.326,361568.002,HIGH,SIMULATOR
2026-10-02 05:11:15,1427,1427.000,1.427,362693.634,HIGH,SIMULATOR
2026-10-02 05:11:16,1528,1528.000,1.528,362235.659,HIGH,SIMULATOR
2026-10-02 05:11:17,1629,1629.000,1.629,362591.348,HIGH,SIMULATOR
2026-10-02 05:11:18,1630,1630.000,1.630,3596.474,HIGH,SIMULATOR
2026-10-02 05:11:19,1631,1631.000,1.631,3592.170,HIGH,SIMULATOR
2026-10-02 05:11:20,1632,1632.000,1.632,3585.126,HIGH,SIMULATOR
2026-10-02 05:11:21,1633,1633.000,1.633,3594.546,HIGH,SIMULATOR
2026-10-02 05:11:22,1634,1634.000,1.634,3591.868,HIGH,SIMULATOR
2026-10-02 05:11:23,1635,1635.000,1.635,3594.185,HIGH,SIMULATOR
2026-10-02 05:11:24,1636,1636.000,1.636,3593.147,HIGH,SIMULATOR
2026-10-02 05:11:25,1637,1637.000,1.637,3594.112,HIGH,SIMULATOR
2026-10-02 05:11:26,1638,1638.000,1.638,3590.774,HIGH,SIMULATOR
2026-10-02 05:11:27,1639,1639.000,1.639,3594.276,HIGH,SIMULATOR
2026-10-02 05:11:28,1640,1640.000,1.640,3594.213,HIGH,SIMULATOR
2026-10-02 05:11:29,1641,1641.000,1.641,3594.229,HIGH,SIMULATOR
2026-10-02 05:11:30,1642,1642.000,1.642,3593.076,HIGH,SIMULATOR
2026-10-02 05:11:31,1643,1643.000,1.643,3591.592,HIGH,SIMULATOR
2026-10-02 05:11:32,1644,1644.000,1.644,3592.682,HIGH,SIMULATOR
2026-10-02 05:11:33,1645,1645.000,1.645,3587.189,HIGH,SIMULATOR
2026-10-02 05:11:34,1646,1646.000,1.646,3593.069,HIGH,SIMULATOR
2026-10-02 05:11:35,1647,1647.000,1.647,3591.987,HIGH,SIMULATOR
2026-10-02 05:11:36,1648,1648.000,1.648,3590.512,HIGH,SIMULATOR
2026-10-02 05:11:37,1649,1649.000,1.649,3587.108,HIGH,SIMULATOR
2026-10-02 05:11:38,1650,1650.000,1.650,3592.391,HIGH,SIMULATOR
2026-10-02 05:11:39,1651,1651.000,1.651,3591.571,HIGH,SIMULATOR
2026-10-02 05:11:40,1652,1652.000,1.652,3592.997,HIGH,SIMULATOR
2026-10-02 05:11:41,1653,1653.000,1.653,3594.511,HIGH,SIMULATOR
2026-10-02 05:11:42,1654,1654.000,1.654,3594.954,HIGH,SIMULATOR
2026-10-02 05:11:43,1655,1655.000,1.655,3591.191,HIGH,SIMULATOR
2026-10-02 05:11:44,1656,1656.000,1.656,3586.783,HIGH,SIMULATOR
2026-10-02 05:11:45,1657,1657.000,1.657,3587.222,HIGH,SIMULATOR
2026-10-02 05:11:46,1658,1658.000,1.658,3586.985,HIGH,SIMULATOR
2026-10-02 05:11:47,1659,1659.000,1.659,3591.768,HIGH,SIMULATOR
2026-10-02 05:11:48,1660,1660.000,1.660,3596.395,HIGH,SIMULATOR
2026-10-02 05:11:49,1661,1661.000,1.661,3595.136,HIGH,SIMULATOR
2026-10-02 05:11:50,1662,1662.000,1.662,3592.927,HIGH,SIMULATOR
2026-10-02 05:11:51,1663,1663.000,1.663,3591.483,HIGH,SIMULATOR
2026-10-02 05:11:52,1664,1664.000,1.664,3590.008,HIGH,SIMULATOR
2026-10-02 05:11:53,1665,1665.000,1.665,3590.409,HIGH,SIMULATOR
2026-10-02 05:11:54,1666,1666.000,1.666,3591.551,HIGH,SIMULATOR
2026-10-02 05:11:55,1667,1667.000,1.667,3594.857,HIGH,SIMULATOR
2026-10-02 05:11:56,1668,1668.000,1.668,3589.376,HIGH,SIMULATOR
2026-10-02 05:11:57,1669,1669.000,1.669,3592.618,HIGH,SIMULATOR
2026-10-02 05:11:58,1670,1670.000,1.670,3592.318,HIGH,SIMULATOR
2026-10-02 05:11:59,1671,1671.000,1.671,3592.290,HIGH,SIMULATOR
2026-10-02 05:12:00,1672,1672.000,1.672,3589.597,HIGH,SIMULATOR
2026-10-02 05:12:01,1673,1673.000,1.673,3588.725,HIGH,SIMULATOR
2026-10-02 05:12:02,1674,1674.000,1.674,3589.789,HIGH,SIMULATOR
2026-10-02 05:12:03,1675,1675.000,1.675,3591.810,HIGH,SIMULATOR
2026-10-02 05:12:04,1676,1676.000,1.676,3591.266,HIGH,SIMULATOR
2026-10-02 05:12:05,1677,1677.000,1.677,3590.670,HIGH,SIMULATOR
2026-10-02 05:12:06,1678,1678.000,1.678,3589.315,HIGH,SIMULATOR
2026-10-02 05:12:07,1679,1679.000,1.679,3592.729,HIGH,SIMULATOR
2026-10-02 05:12:08,1680,1680.000,1.680,3591.295,HIGH,SIMULATOR
2026-10-02 05:12:09,1681,1681.000,1.681,3594.755,HIGH,SIMULATOR
2026-10-02 05:12:10,1682,1682.000,1.682,3591.244,HIGH,SIMULATOR
2026-10-02 05:12:11,1683,1683.000,1.683,3590.447,HIGH,SIMULATOR
2026-10-02 05:12:12,1684,1684.000,1.684,3591.935,HIGH,SIMULATOR
2026-10-02 05:12:13,1685,1685.000,1.685,3537.752,HIGH,SIMULATOR
2026-10-02 05:12:14,1686,1686.000,1.686,3589.111,HIGH,SIMULATOR
2026-10-02 05:12:15,1687,1687.000,1.687,3579.450,HIGH,SIMULATOR
2026-10-02 05:12:16,1688,1688.000,1.688,3582.804,HIGH,SIMULATOR
2026-10-02 05:12:17,1689,1689.000,1.689,3590.701,HIGH,SIMULATOR
2026-10-02 05:12:18,1690,1690.000,1.690,3593.336,HIGH,SIMULATOR
2026-10-02 05:12:19,1691,1691.000,1.691,3591.864,HIGH,SIMULATOR
2026-10-02 05:12:20,1692,1692.000,1.692,3588.898,HIGH,SIMULATOR
2026-10-02 05:12:21,1693,1693.000,1.693,3590.479,HIGH,SIMULATOR
2026-10-02 05:12:22,1694,1694.000,1.694,3588.381,HIGH,SIMULATOR
2026-10-02 05:12:23,1695,1695.000,1.695,3590.855,HIGH,SIMULATOR
2026-10-02 05:12:24,1696,1696.000,1.696,3590.938,HIGH,SIMULATOR
2026-10-02 05:12:25,1697,1697.000,1.697,3595.196,HIGH,SIMULATOR
2026-10-02 05:12:26,1698,1698.000,1.698,3591.237,HIGH,SIMULATOR
2026-10-02 05:12:27,1699,1699.000,1.699,3590.094,HIGH,SIMULATOR
2026-10-02 05:12:28,1700,1700.000,1.700,3588.771,HIGH,SIMULATOR
2026-10-02 05:12:29,1701,1701.000,1.701,3591.689,HIGH,SIMULATOR
2026-10-02 05:12:30,1702,1702.000,1.702,3590.051,HIGH,SIMULATOR
2026-10-02 05:12:31,1703,1703.000,1.703,3573.852,HIGH,SIMULATOR
2026-10-02 05:12:32,1704,1704.000,1.704,3588.408,HIGH,SIMULATOR
2026-10-02 05:12:33,1705,1705.000,1.705,3583.552,HIGH,SIMULATOR
2026-10-02 05:12:34,1706,1706.000,1.706,3592.186,HIGH,SIMULATOR
2026-10-02 05:12:35,1707,1707.000,1.707,3593.233,HIGH,SIMULATOR
2026-10-02 05:12:36,1708,1708.000,1.708,3592.063,HIGH,SIMULATOR
2026-10-02 05:12:37,1709,1709.000,1.709,3590.348,HIGH,SIMULATOR
2026-10-02 05:12:38,1710,1710.000,1.710,3592.340,HIGH,SIMULATOR
2026-10-02 05:12:39,1711,1711.000,1.711,3592.062,HIGH,SIMULATOR
2026-10-02 05:12:40,1712,1712.000,1.712,3591.202,HIGH,SIMULATOR
2026-10-02 05:12:41,1713,1713.000,1.713,3593.253,HIGH,SIMULATOR
2026-10-02 05:12:44,591,591.000,0.591,3598.864,HIGH,SIMULATOR
2026-10-02 05:12:45,592,592.000,0.592,3528.737,HIGH,SIMULATOR
2026-10-02 05:12:46,593,593.000,0.593,3593.115,HIGH,SIMULATOR
2026-10-02 05:12:47,594,594.000,0.594,3590.788,HIGH,SIMULATOR
2026-10-02 05:12:48,595,595.000,0.595,3592.070,HIGH,SIMULATOR
2026-10-02 05:12:49,596,596.000,0.596,3594.179,HIGH,SIMULATOR
2026-10-02 05:12:50,597,597.000,0.597,3592.826,HIGH,SIMULATOR
2026-10-02 05:12:51,598,598.000,0.598,3589.961,HIGH,SIMULATOR
2026-10-02 05:12:52,599,599.000,0.599,3591.142,HIGH,SIMULATOR
2026-10-02 05:12:53,600,600.000,0.600,3594.430,HIGH,SIMULATOR
2026-10-02 05:12:54,601,601.000,0.601,3592.806,HIGH,SIMULATOR
2026-10-02 05:12:55,602,602.000,0.602,3591.172,HIGH,SIMULATOR
2026-10-02 05:12:56,603,603.000,0.603,3591.075,HIGH,SIMULATOR
2026-10-02 05:12:57,604,604.000,0.604,3497.975,HIGH,SIMULATOR
2026-10-02 05:12:58,605,605.000,0.605,3594.026,HIGH,SIMULATOR
2026-10-02 05:12:59,606,606.000,0.606,3592.579,HIGH,SIMULATOR
2026-10-02 05:13:00,607,607.000,0.607,3593.316,HIGH,SIMULATOR
2026-10-02 05:13:01,608,608.000,0.608,3593.739,HIGH,SIMULATOR
2026-10-02 05:13:02,609,609.000,0.609,3549.249,HIGH,SIMULATOR
2026-10-02 05:13:03,610,610.000,0.610,3593.332,HIGH,SIMULATOR
2026-10-02 05:13:04,611,611.000,0.611,3590.384,HIGH,SIMULATOR
2026-10-02 05:13:05,612,612.000,0.612,3591.702,HIGH,SIMULATOR
2026-10-02 05:13:06,613,613.000,0.613,3592.495,HIGH,SIMULATOR
2026-10-02 05:13:07,614,614.000,0.614,3594.526,HIGH,SIMULATOR
2026-10-02 05:13:08,615,615.000,0.615,3584.388,HIGH,SIMULATOR
2026-10-02 05:13:09,616,616.000,0.616,3591.300,HIGH,SIMULATOR
2026-10-02 05:13:10,617,617.000,0.617,3592.232,HIGH,SIMULATOR
2026-10-02 05:13:11,618,618.000,0.618,3595.326,HIGH,SIMULATOR
2026-10-02 05:13:12,619,619.000,0.619,3590.414,HIGH,SIMULATOR
2026-10-02 05:13:13,620,620.000,0.620,3594.197,HIGH,SIMULATOR
2026-10-02 05:13:14,621,621.000,0.621,3592.983,HIGH,SIMULATOR
2026-10-02 05:13:15,622,622.000,0.622,3596.148,HIGH,SIMULATOR
2026-10-02 05:13:16,623,623.000,0.623,3592.764,HIGH,SIMULATOR
2026-10-02 05:13:17,624,624.000,0.624,3591.536,HIGH,SIMULATOR
2026-10-02 05:13:18,625,625.000,0.625,3594.115,HIGH,SIMULATOR
2026-10-02 05:13:19,626,626.000,0.626,3591.369,HIGH,SIMULATOR
2026-10-02 05:13:20,627,627.000,0.627,3591.736,HIGH,SIMULATOR
2026-10-02 05:13:21,628,628.000,0.628,3590.518,HIGH,SIMULATOR
2026-10-02 05:13:22,629,629.000,0.629,3590.036,HIGH,SIMULATOR
2026-10-02 05:13:23,630,630.000,0.630,3592.666,HIGH,SIMULATOR
2026-10-02 05:13:24,631,631.000,0.631,3591.406,HIGH,SIMULATOR
2026-10-02 05:13:25,632,632.000,0.632,3591.412,HIGH,SIMULATOR
2026-10-02 05:13:26,633,633.000,0.633,3591.203,HIGH,SIMULATOR
2026-10-02 05:13:27,634,634.000,0.634,3590.005,HIGH,SIMULATOR
2026-10-02 05:13:28,635,635.000,0.635,3593.104,HIGH,SIMULATOR
2026-10-02 05:13:29,636,636.000,0.636,3589.289,HIGH,SIMULATOR
2026-10-02 05:13:30,637,637.000,0.637,3596.348,HIGH,SIMULATOR
2026-10-02 05:13:31,638,638.000,0.638,3589.792,HIGH,SIMULATOR
2026-10-02 05:13:32,639,639.000,0.639,3594.155,HIGH,SIMULATOR
2026-10-02 05:13:33,640,640.000,0.640,3594.187,HIGH,SIMULATOR
2026-10-02 05:13:34,641,641.000,0.641,3591.573,HIGH,SIMULATOR
2026-10-02 05:13:35,642,642.000,0.642,3592.346,HIGH,SIMULATOR
2026-10-02 05:13:36,643,643.000,0.643,3592.828,HIGH,SIMULATOR
2026-10-02 05:13:37,644,644.000,0.644,3590.979,HIGH,SIMULATOR
2026-10-02 05:13:38,645,645.000,0.645,3592.342,HIGH,SIMULATOR
2026-10-02 05:13:39,646,646.000,0.646,3593.851,HIGH,SIMULATOR
2026-10-02 05:13:40,647,647.000,0.647,3593.946,HIGH,SIMULATOR
2026-10-02 05:13:41,648,648.000,0.648,3594.356,HIGH,SIMULATOR
2026-10-02 05:13:42,649,649.000,0.649,3594.008,HIGH,SIMULATOR
2026-10-02 05:13:43,650,650.000,0.650,3591.335,HIGH,SIMULATOR
2026-10-02 05:13:44,651,651.000,0.651,3589.744,HIGH,SIMULATOR
2026-10-02 05:13:45,652,652.000,0.652,3591.327,HIGH,SIMULATOR
2026-10-02 05:13:46,653,653.000,0.653,3592.791,HIGH,SIMULATOR
2026-10-02 05:13:47,654,654.000,0.654,3591.024,HIGH,SIMULATOR
2026-10-02 05:13:48,655,655.000,0.655,3591.049,HIGH,SIMULATOR
2026-10-02 05:13:49,656,656.000,0.656,3591.220,HIGH,SIMULATOR
2026-10-02 05:13:50,657,657.000,0.657,3593.181,HIGH,SIMULATOR
2026-10-02 05:13:51,658,658.000,0.658,3593.180,HIGH,SIMULATOR
2026-10-02 05:13:52,659,659.000,0.659,3592.762,HIGH,SIMULATOR
2026-10-02 05:13:53,660,660.000,0.660,3593.248,HIGH,SIMULATOR
2026-10-02 05:13:54,661,661.000,0.661,3593.234,HIGH,SIMULATOR
2026-10-02 05:13:55,662,662.000,0.662,3593.064,HIGH,SIMULATOR
2026-10-02 05:13:56,663,663.000,0.663,3592.047,HIGH,SIMULATOR
2026-10-02 05:13:57,664,664.000,0.664,3587.148,HIGH,SIMULATOR
2026-10-02 05:13:58,665,665.000,0.665,3590.937,HIGH,SIMULATOR
2026-10-02 05:13:59,666,666.000,0.666,3592.913,HIGH,SIMULATOR
2026-10-02 05:14:00,667,667.000,0.667,3588.303,HIGH,SIMULATOR
2026-10-02 05:14:01,668,668.000,0.668,3595.294,HIGH,SIMULATOR
2026-10-02 05:14:02,669,669.000,0.669,3594.104,HIGH,SIMULATOR
2026-10-02 05:14:03,670,670.000,0.670,3593.808,HIGH,SIMULATOR
2026-10-02 05:14:04,671,671.000,0.671,3594.873,HIGH,SIMULATOR
2026-10-02 05:14:05,672,672.000,0.672,3593.941,HIGH,SIMULATOR
2026-10-02 05:14:06,673,673.000,0.673,3594.008,HIGH,SIMULATOR
2026-10-02 05:14:07,674,674.000,0.674,3593.435,HIGH,SIMULATOR
2026-10-02 05:14:08,675,675.000,0.675,3594.182,HIGH,SIMULATOR
2026-10-02 05:14:09,676,676.000,0.676,3593.069,HIGH,SIMULATOR
2026-10-02 05:14:10,677,677.000,0.677,3573.950,HIGH,SIMULATOR
2026-10-02 05:14:11,678,678.000,0.678,3592.577,HIGH,SIMULATOR
2026-10-02 05:14:12,679,679.000,0.679,3592.097,HIGH,SIMULATOR
2026-10-02 05:14:13,680,680.000,0.680,3591.018,HIGH,SIMULATOR
2026-10-02 05:14:14,681,681.000,0.681,3591.611,HIGH,SIMULATOR
2026-10-02 05:14:15,682,682.000,0.682,3591.993,HIGH,SIMULATOR
2026-10-02 05:14:16,683,683.000,0.683,3589.076,HIGH,SIMULATOR
2026-10-02 05:14:17,684,684.000,0.684,3591.777,HIGH,SIMULATOR
2026-10-02 05:14:18,685,685.000,0.685,3590.635,HIGH,SIMULATOR
2026-10-02 05:14:19,686,686.000,0.686,3591.010,HIGH,SIMULATOR
2026-10-02 05:14:20,687,687.000,0.687,3592.427,HIGH,SIMULATOR
2026-10-02 05:14:21,688,688.000,0.688,3595.302,HIGH,SIMULATOR
2026-10-02 05:14:22,689,689.000,0.689,3595.601,HIGH,SIMULATOR
2026-10-02 05:14:23,690,690.000,0.690,3588.717,HIGH,SIMULATOR
2026-10-02 05:14:24,691,691.000,0.691,3591.714,HIGH,SIMULATOR
2026-10-02 05:14:25,692,692.000,0.692,3590.665,HIGH,SIMULATOR
2026-10-02 05:14:26,693,693.000,0.693,3588.284,HIGH,SIMULATOR
2026-10-02 05:14:27,694,694.000,0.694,3589.516,HIGH,SIMULATOR
2026-10-02 05:14:28,695,695.000,0.695,3591.474,HIGH,SIMULATOR
2026-10-02 05:14:29,696,696.000,0.696,3595.316,HIGH,SIMULATOR
2026-10-02 05:14:30,697,697.000,0.697,3591.697,HIGH,SIMULATOR
2026-10-02 05:14:31,698,698.000,0.698,3596.181,HIGH,SIMULATOR
2026-10-02 05:14:32,699,699.000,0.699,3595.101,HIGH,SIMULATOR
2026-10-02 05:14:33,700,700.000,0.700,3591.801,HIGH,SIMULATOR
2026-10-02 05:14:34,701,701.000,0.701,3591.508,HIGH,SIMULATOR
2026-10-02 05:14:35,702,702.000,0.702,3594.790,HIGH,SIMULATOR
2026-10-02 05:14:36,703,703.000,0.703,3594.129,HIGH,SIMULATOR
2026-10-02 05:14:37,704,704.000,0.704,3592.072,HIGH,SIMULATOR
2026-10-02 05:14:38,705,705.000,0.705,3595.539,HIGH,SIMULATOR
2026-10-02 05:14:39,706,706.000,0.706,3588.184,HIGH,SIMULATOR
2026-10-02 05:14:40,707,707.000,0.707,3595.305,HIGH,SIMULATOR
2026-10-02 05:14:41,708,708.000,0.708,3592.602,HIGH,SIMULATOR
2026-10-02 05:14:42,709,709.000,0.709,3594.681,HIGH,SIMULATOR
2026-10-02 05:14:43,710,710.000,0.710,3594.084,HIGH,SIMULATOR
2026-10-02 05:14:44,711,711.000,0.711,3545.375,HIGH,SIMULATOR
2026-10-02 05:14:45,712,712.000,0.712,3593.748,HIGH,SIMULATOR
2026-10-02 05:14:46,713,713.000,0.713,3591.288,HIGH,SIMULATOR
2026-10-02 05:14:47,714,714.000,0.714,3589.602,HIGH,SIMULATOR
2026-10-02 05:14:48,715,715.000,0.715,3594.404,HIGH,SIMULATOR
2026-10-02 05:14:49,716,716.000,0.716,3592.923,HIGH,SIMULATOR
2026-10-02 05:14:50,717,717.000,0.717,3593.949,HIGH,SIMULATOR
2026-10-02 05:14:51,718,718.000,0.718,3594.552,HIGH,SIMULATOR
2026-10-02 05:14:52,719,719.000,0.719,3591.337,HIGH,SIMULATOR
2026-10-02 05:14:53,720,720.000,0.720,3591.965,HIGH,SIMULATOR
2026-10-02 05:14:54,721,721.000,0.721,3593.786,HIGH,SIMULATOR
2026-10-02 05:14:55,722,722.000,0.722,3594.261,HIGH,SIMULATOR
2026-10-02 05:14:56,723,723.000,0.723,3594.620,HIGH,SIMULATOR
2026-10-02 05:14:57,724,724.000,0.724,3593.789,HIGH,SIMULATOR
2026-10-02 05:14:58,725,725.000,0.725,3592.410,HIGH,SIMULATOR
2026-10-02 05:14:59,726,726.000,0.726,3590.657,HIGH,SIMULATOR
2026-10-02 05:15:00,727,727.000,0.727,3593.944,HIGH,SIMULATOR
2026-10-02 05:15:01,728,728.000,0.728,3591.883,HIGH,SIMULATOR
2026-10-02 05:15:02,729,729.000,0.729,3595.211,HIGH,SIMULATOR
2026-10-02 05:15:03,730,730.000,0.730,3594.615,HIGH,SIMULATOR
2026-10-02 05:15:04,731,731.000,0.731,3590.772,HIGH,SIMULATOR
2026-10-02 05:15:05,732,732.000,0.732,3592.187,HIGH,SIMULATOR
2026-10-02 05:15:06,733,733.000,0.733,3592.045,HIGH,SIMULATOR
2026-10-02 05:15:07,734,734.000,0.734,3593.264,HIGH,SIMULATOR
2026-10-02 05:15:08,735,735.000,0.735,3589.080,HIGH,SIMULATOR
2026-10-02 05:15:09,736,736.000,0.736,3591.815,HIGH,SIMULATOR
2026-10-02 05:15:10,737,737.000,0.737,3588.413,HIGH,SIMULATOR
2026-10-02 05:15:11,738,738.000,0.738,3591.312,HIGH,SIMULATOR
2026-10-02 05:15:12,739,739.000,0.739,3594.800,HIGH,SIMULATOR
2026-10-02 05:15:13,740,740.000,0.740,3590.190,HIGH,SIMULATOR
2026-10-02 05:15:14,741,741.000,0.741,3592.321,HIGH,SIMULATOR
2026-10-02 05:15:15,742,742.000,0.742,3595.514,HIGH,SIMULATOR
2026-10-02 05:15:17,743,743.000,0.743,3482.612,HIGH,SIMULATOR
2026-10-02 05:15:18,744,744.000,0.744,3594.761,HIGH,SIMULATOR
2026-10-02 05:15:19,745,745.000,0.745,3596.003,HIGH,SIMULATOR
2026-10-02 05:15:20,746,746.000,0.746,3595.417,HIGH,SIMULATOR
2026-10-02 05:15:21,747,747.000,0.747,3594.486,HIGH,SIMULATOR
2026-10-02 05:15:22,748,748.000,0.748,3588.354,HIGH,SIMULATOR
2026-10-02 05:15:23,749,749.000,0.749,3589.981,HIGH,SIMULATOR
2026-10-02 05:15:24,750,750.000,0.750,3589.092,HIGH,SIMULATOR
2026-10-02 05:15:25,751,751.000,0.751,3593.460,HIGH,SIMULATOR
2026-10-02 05:15:26,752,752.000,0.752,3591.950,HIGH,SIMULATOR
2026-10-02 05:15:27,753,753.000,0.753,3590.974,HIGH,SIMULATOR
2026-10-02 05:15:28,754,754.000,0.754,3593.356,HIGH,SIMULATOR
2026-10-02 05:15:29,755,755.000,0.755,3593.696,HIGH,SIMULATOR
2026-10-02 05:15:30,756,756.000,0.756,3593.254,HIGH,SIMULATOR
2026-10-02 05:15:31,857,857.000,0.857,362834.536,HIGH,SIMULATOR
2026-10-02 05:15:32,858,858.000,0.858,3593.952,HIGH,SIMULATOR
2026-10-02 05:15:33,859,859.000,0.859,3589.956,HIGH,SIMULATOR
2026-10-02 05:15:34,860,860.000,0.860,3590.971,HIGH,SIMULATOR
2026-10-02 05:15:35,861,861.000,0.861,3590.884,HIGH,SIMULATOR
2026-10-02 05:15:36,862,862.000,0.862,3591.364,HIGH,SIMULATOR
2026-10-02 05:15:37,863,863.000,0.863,3589.387,HIGH,SIMULATOR
2026-10-02 05:15:38,864,864.000,0.864,3590.517,HIGH,SIMULATOR
2026-10-02 05:15:39,865,865.000,0.865,3590.202,HIGH,SIMULATOR
2026-10-02 05:15:40,866,866.000,0.866,3587.401,HIGH,SIMULATOR
2026-10-02 05:15:41,867,867.000,0.867,3591.970,HIGH,SIMULATOR
2026-10-02 05:15:42,868,868.000,0.868,3590.736,HIGH,SIMULATOR
2026-10-02 05:15:43,869,869.000,0.869,3590.510,HIGH,SIMULATOR
2026-10-02 05:15:44,870,870.000,0.870,3593.976,HIGH,SIMULATOR
2026-10-02 05:15:45,871,871.000,0.871,3587.163,HIGH,SIMULATOR
2026-10-02 05:15:46,872,872.000,0.872,3591.568,HIGH,SIMULATOR
2026-10-02 05:15:47,873,873.000,0.873,3594.631,HIGH,SIMULATOR
2026-10-02 05:15:48,874,874.000,0.874,3591.110,HIGH,SIMULATOR
2026-10-02 05:15:49,875,875.000,0.875,3594.669,HIGH,SIMULATOR
2026-10-02 05:15:50,876,876.000,0.876,3590.663,HIGH,SIMULATOR
2026-10-02 05:15:51,877,877.000,0.877,3591.789,HIGH,SIMULATOR
2026-10-02 05:15:52,878,878.000,0.878,3594.945,HIGH,SIMULATOR
2026-10-02 05:15:53,879,879.000,0.879,3586.284,HIGH,SIMULATOR
2026-10-02 05:15:54,880,880.000,0.880,3594.383,HIGH,SIMULATOR
2026-10-02 05:15:55,881,881.000,0.881,3590.591,HIGH,SIMULATOR
2026-10-02 05:15:56,882,882.000,0.882,3588.281,HIGH,SIMULATOR
2026-10-02 05:15:57,883,883.000,0.883,3580.640,HIGH,SIMULATOR
2026-10-02 05:15:58,884,884.000,0.884,3591.767,HIGH,SIMULATOR
2026-10-02 05:15:59,885,885.000,0.885,3592.293,HIGH,SIMULATOR
2026-10-02 05:16:00,886,886.000,0.886,3593.938,HIGH,SIMULATOR
2026-10-02 05:16:01,887,887.000,0.887,3592.803,HIGH,SIMULATOR
2026-10-02 05:16:02,888,888.000,0.888,3595.418,HIGH,SIMULATOR
2026-10-02 05:16:03,889,889.000,0.889,3594.886,HIGH,SIMULATOR
2026-10-02 05:16:04,890,890.000,0.890,3595.047,HIGH,SIMULATOR
2026-10-02 05:16:05,891,891.000,0.891,3593.376,HIGH,SIMULATOR
2026-10-02 05:16:06,892,892.000,0.892,3594.075,HIGH,SIMULATOR
2026-10-02 05:16:07,893,893.000,0.893,3591.496,HIGH,SIMULATOR
2026-10-02 05:16:08,894,894.000,0.894,3541.414,HIGH,SIMULATOR
2026-10-02 05:16:09,895,895.000,0.895,3590.260,HIGH,SIMULATOR
2026-10-02 05:16:10,896,896.000,0.896,3591.540,HIGH,SIMULATOR
2026-10-02 05:16:11,897,897.000,0.897,3594.375,HIGH,SIMULATOR
2026-10-02 05:16:12,898,898.000,0.898,3589.588,HIGH,SIMULATOR
2026-10-02 05:16:13,899,899.000,0.899,3593.053,HIGH,SIMULATOR
2026-10-02 05:16:14,900,900.000,0.900,3589.047,HIGH,SIMULATOR
2026-10-02 05:16:15,901,901.000,0.901,3594.031,HIGH,SIMULATOR
2026-10-02 05:16:16,902,902.000,0.902,3584.187,HIGH,SIMULATOR
2026-10-02 05:16:17,903,903.000,0.903,3594.263,HIGH,SIMULATOR
2026-10-02 05:16:18,904,904.000,0.904,3583.015,HIGH,SIMULATOR
2026-10-02 05:16:19,905,905.000,0.905,3589.496,HIGH,SIMULATOR
2026-10-02 05:16:20,906,906.000,0.906,3594.486,HIGH,SIMULATOR
2026-10-02 05:16:21,907,907.000,0.907,3591.178,HIGH,SIMULATOR
2026-10-02 05:16:22,908,908.000,0.908,3595.673,HIGH,SIMULATOR
2026-10-02 05:16:23,909,909.000,0.909,3594.546,HIGH,SIMULATOR
2026-10-02 05:16:24,910,910.000,0.910,3590.953,HIGH,SIMULATOR
2026-10-02 05:16:25,911,911.000,0.911,3594.405,HIGH,SIMULATOR
2026-10-02 05:16:26,912,912.000,0.912,3594.067,HIGH,SIMULATOR
2026-10-02 05:16:27,913,913.000,0.913,3588.200,HIGH,SIMULATOR
2026-10-02 05:16:28,914,914.000,0.914,3593.024,HIGH,SIMULATOR
2026-10-02 05:16:29,915,915.000,0.915,3591.388,HIGH,SIMULATOR
2026-10-02 05:16:30,916,916.000,0.916,3589.302,HIGH,SIMULATOR
2026-10-02 05:16:31,917,917.000,0.917,3592.049,HIGH,SIMULATOR
2026-10-02 05:16:32,918,918.000,0.918,3591.537,HIGH,SIMULATOR
2026-10-02 05:16:33,919,919.000,0.919,3594.331,HIGH,SIMULATOR
2026-10-02 05:16:34,920,920.000,0.920,3592.080,HIGH,SIMULATOR
2026-10-02 05:16:35,921,921.000,0.921,3594.897,HIGH,SIMULATOR
2026-10-02 05:16:36,922,922.000,0.922,3591.271,HIGH,SIMULATOR
2026-10-02 05:16:37,923,923.000,0.923,3594.167,HIGH,SIMULATOR
2026-10-02 05:16:38,924,924.000,0.924,3590.878,HIGH,SIMULATOR
2026-10-02 05:16:39,925,925.000,0.925,3589.757,HIGH,SIMULATOR
2026-10-02 05:16:40,926,926.000,0.926,3592.458,HIGH,SIMULATOR
2026-10-02 05:16:41,927,927.000,0.927,3591.473,HIGH,SIMULATOR
2026-10-02 05:16:42,928,928.000,0.928,3591.400,HIGH,SIMULATOR
2026-10-02 05:16:43,929,929.000,0.929,3594.161,HIGH,SIMULATOR
2026-10-02 05:16:44,930,930.000,0.930,3592.970,HIGH,SIMULATOR
2026-10-02 05:16:45,931,931.000,0.931,3594.460,HIGH,SIMULATOR
2026-10-02 05:16:46,932,932.000,0.932,3595.775,HIGH,SIMULATOR
2026-10-02 05:16:47,933,933.000,0.933,3586.223,HIGH,SIMULATOR
2026-10-02 05:16:48,934,934.000,0.934,3589.298,HIGH,SIMULATOR
2026-10-02 05:16:49,935,935.000,0.935,3592.641,HIGH,SIMULATOR
2026-10-02 05:16:50,936,936.000,0.936,3591.377,HIGH,SIMULATOR
2026-10-02 05:16:51,937,937.000,0.937,3593.683,HIGH,SIMULATOR
2026-10-02 05:16:52,938,938.000,0.938,3595.395,HIGH,SIMULATOR
2026-10-02 05:16:53,939,939.000,0.939,3594.028,HIGH,SIMULATOR
2026-10-02 05:16:54,940,940.000,0.940,3595.976,HIGH,SIMULATOR
2026-10-02 05:16:55,941,941.000,0.941,3595.035,HIGH,SIMULATOR
2026-10-02 05:16:56,942,942.000,0.942,3593.722,HIGH,SIMULATOR
2026-10-02 05:16:57,943,943.000,0.943,3592.081,HIGH,SIMULATOR
2026-10-02 05:16:58,944,944.000,0.944,3591.524,HIGH,SIMULATOR
2026-10-02 05:16:59,945,945.000,0.945,3593.946,HIGH,SIMULATOR
2026-10-02 05:17:00,946,946.000,0.946,3586.982,HIGH,SIMULATOR
2026-10-02 05:17:01,947,947.000,0.947,3590.994,HIGH,SIMULATOR
2026-10-02 05:17:02,948,948.000,0.948,3589.630,HIGH,SIMULATOR
2026-10-02 05:17:03,949,949.000,0.949,3591.867,HIGH,SIMULATOR
2026-10-02 05:17:04,950,950.000,0.950,3591.824,HIGH,SIMULATOR
2026-10-02 05:17:05,951,951.000,0.951,3592.577,HIGH,SIMULATOR
2026-10-02 05:17:06,952,952.000,0.952,3591.124,HIGH,SIMULATOR
2026-10-02 05:17:07,953,953.000,0.953,3593.235,HIGH,SIMULATOR
2026-10-02 05:17:08,954,954.000,0.954,3589.772,HIGH,SIMULATOR
2026-10-02 05:17:09,955,955.000,0.955,3595.307,HIGH,SIMULATOR
2026-10-02 05:17:10,956,956.000,0.956,3591.805,HIGH,SIMULATOR
2026-10-02 05:17:11,957,957.000,0.957,3595.140,HIGH,SIMULATOR
2026-10-02 05:17:12,958,958.000,0.958,3590.844,HIGH,SIMULATOR
2026-10-02 05:17:13,959,959.000,0.959,3594.473,HIGH,SIMULATOR
2026-10-02 05:17:14,960,960.000,0.960,3592.912,HIGH,SIMULATOR
2026-10-02 05:17:15,961,961.000,0.961,3592.773,HIGH,SIMULATOR
2026-10-02 05:17:16,962,962.000,0.962,3595.407,HIGH,SIMULATOR
2026-10-02 05:17:17,963,963.000,0.963,3592.929,HIGH,SIMULATOR
2026-10-02 05:17:18,964,964.000,0.964,3582.505,HIGH,SIMULATOR
2026-10-02 05:17:19,965,965.000,0.965,3588.453,HIGH,SIMULATOR
2026-10-02 05:17:20,966,966.000,0.966,3590.702,HIGH,SIMULATOR
2026-10-02 05:17:21,967,967.000,0.967,3590.483,HIGH,SIMULATOR
2026-10-02 05:17:22,968,968.000,0.968,3590.772,HIGH,SIMULATOR
2026-10-02 05:17:23,969,969.000,0.969,3586.767,HIGH,SIMULATOR
2026-10-02 05:17:24,970,970.000,0.970,3590.474,HIGH,SIMULATOR
2026-10-02 05:17:25,971,971.000,0.971,3591.325,HIGH,SIMULATOR
2026-10-02 05:17:26,972,972.000,0.972,3592.091,HIGH,SIMULATOR
2026-10-02 05:17:27,973,973.000,0.973,3591.364,HIGH,SIMULATOR
2026-10-02 05:17:28,974,974.000,0.974,3593.142,HIGH,SIMULATOR
2026-10-02 05:17:29,975,975.000,0.975,3592.836,HIGH,SIMULATOR
2026-10-02 05:17:30,976,976.000,0.976,3594.523,HIGH,SIMULATOR
2026-10-02 05:17:31,977,977.000,0.977,3595.017,HIGH,SIMULATOR
2026-10-02 05:17:32,978,978.000,0.978,3593.341,HIGH,SIMULATOR
2026-10-02 05:17:33,979,979.000,0.979,3593.182,HIGH,SIMULATOR
2026-10-02 05:17:34,980,980.000,0.980,3594.956,HIGH,SIMULATOR
2026-10-02 05:17:35,981,981.000,0.981,3595.328,HIGH,SIMULATOR
2026-10-02 05:17:36,982,982.000,0.982,3593.679,HIGH,SIMULATOR
2026-10-02 05:17:37,983,983.000,0.983,3593.852,HIGH,SIMULATOR
2026-10-02 05:17:38,984,984.000,0.984,3593.154,HIGH,SIMULATOR
2026-10-02 05:17:39,985,985.000,0.985,3592.155,HIGH,SIMULATOR
2026-10-02 05:17:40,986,986.000,0.986,3561.055,HIGH,SIMULATOR
2026-10-02 05:17:41,987,987.000,0.987,3592.976,HIGH,SIMULATOR
2026-10-02 05:17:42,988,988.000,0.988,3593.314,HIGH,SIMULATOR
2026-10-02 05:17:43,989,989.000,0.989,3594.295,HIGH,SIMULATOR
2026-10-02 05:17:44,990,990.000,0.990,3591.029,HIGH,SIMULATOR
2026-10-02 05:17:45,991,991.000,0.991,3591.875,HIGH,SIMULATOR
2026-10-02 05:17:46,992,992.000,0.992,3594.272,HIGH,SIMULATOR
2026-10-02 05:17:47,3993,3993.000,3.993,10791930.847,HIGH,SIMULATOR
2026-10-02 05:17:48,5994,5994.000,5.994,7192106.941,HIGH,SIMULATOR
2026-10-02 05:17:49,5995,5995.000,5.995,3591.602,HIGH,SIMULATOR
2026-10-02 05:17:50,5996,5996.000,5.996,3581.907,HIGH,SIMULATOR
2026-10-02 05:17:51,5997,5997.000,5.997,3590.470,HIGH,SIMULATOR
2026-10-02 05:17:52,5998,5998.000,5.998,3588.833,HIGH,SIMULATOR
2026-10-02 05:17:53,5999,5999.000,5.999,3593.494,HIGH,SIMULATOR
2026-10-02 05:17:54,6000,6000.000,6.000,3593.900,HIGH,SIMULATOR
2026-10-02 05:17:55,6001,6001.000,6.001,3590.872,HIGH,SIMULATOR
2026-10-02 05:17:56,6002,6002.000,6.002,3589.888,HIGH,SIMULATOR
2026-10-02 05:17:57,6003,6003.000,6.003,3590.436,HIGH,SIMULATOR
2026-10-02 05:17:58,6004,6004.000,6.004,3591.235,HIGH,SIMULATOR
2026-10-02 05:17:59,6005,6005.000,6.005,3590.920,HIGH,SIMULATOR
2026-10-02 05:18:00,6006,6006.000,6.006,3590.218,HIGH,SIMULATOR
2026-10-02 05:18:01,6007,6007.000,6.007,3594.476,HIGH,SIMULATOR
2026-10-02 05:18:02,6008,6008.000,6.008,3592.029,HIGH,SIMULATOR
2026-10-02 05:18:03,6009,6009.000,6.009,3591.322,HIGH,SIMULATOR
2026-10-02 05:18:04,6010,6010.000,6.010,3592.512,HIGH,SIMULATOR
2026-10-02 05:18:05,6011,6011.000,6.011,3592.492,HIGH,SIMULATOR
2026-10-02 05:18:06,6012,6012.000,6.012,3589.244,HIGH,SIMULATOR
2026-10-02 05:18:07,6013,6013.000,6.013,3591.533,HIGH,SIMULATOR
2026-10-02 05:18:08,6014,6014.000,6.014,3593.068,HIGH,SIMULATOR
2026-10-02 05:18:09,6015,6015.000,6.015,3595.380,HIGH,SIMULATOR
2026-10-02 05:18:10,6016,6016.000,6.016,3592.582,HIGH,SIMULATOR
2026-10-02 05:18:11,6017,6017.000,6.017,3594.759,HIGH,SIMULATOR
2026-10-02 05:18:12,6018,6018.000,6.018,3593.221,HIGH,SIMULATOR
2026-10-02 05:18:13,6019,6019.000,6.019,3593.349,HIGH,SIMULATOR
2026-10-02 05:18:14,6020,6020.000,6.020,3594.265,HIGH,SIMULATOR
2026-10-02 05:18:15,6021,6021.000,6.021,3590.771,HIGH,SIMULATOR
2026-10-02 05:18:16,6022,6022.000,6.022,3594.939,HIGH,SIMULATOR
2026-10-02 05:18:17,6023,6023.000,6.023,3594.449,HIGH,SIMULATOR
2026-10-02 05:18:18,6024,6024.000,6.024,3590.751,HIGH,SIMULATOR
2026-10-02 05:18:19,6025,6025.000,6.025,3594.314,HIGH,SIMULATOR
2026-10-02 05:18:20,6026,6026.000,6.026,3593.692,HIGH,SIMULATOR
2026-10-02 05:18:21,6027,6027.000,6.027,3592.710,HIGH,SIMULATOR
2026-10-02 05:18:22,6028,6028.000,6.028,3590.411,HIGH,SIMULATOR
2026-10-02 05:18:23,6029,6029.000,6.029,3590.048,HIGH,SIMULATOR
2026-10-02 05:18:24,6030,6030.000,6.030,3591.350,HIGH,SIMULATOR
2026-10-02 05:18:25,6031,6031.000,6.031,3593.059,HIGH,SIMULATOR
2026-10-02 05:18:26,6032,6032.000,6.032,3583.597,HIGH,SIMULATOR
2026-10-02 05:18:27,6033,6033.000,6.033,3592.520,HIGH,SIMULATOR
2026-10-02 05:18:28,6034,6034.000,6.034,3588.094,HIGH,SIMULATOR
2026-10-02 05:18:29,6035,6035.000,6.035,3588.932,HIGH,SIMULATOR
2026-10-02 05:18:30,6036,6036.000,6.036,3593.590,HIGH,SIMULATOR
2026-10-02 05:18:31,6037,6037.000,6.037,3594.800,HIGH,SIMULATOR
2026-10-02 05:18:32,6038,6038.000,6.038,3591.110,HIGH,SIMULATOR
2026-10-02 05:18:33,6039,6039.000,6.039,3591.240,HIGH,SIMULATOR
2026-10-02 05:18:34,6040,6040.000,6.040,3591.335,HIGH,SIMULATOR
2026-10-02 05:18:35,6041,6041.000,6.041,3593.900,HIGH,SIMULATOR
2026-10-02 05:18:36,6042,6042.000,6.042,3595.334,HIGH,SIMULATOR
2026-10-02 05:18:37,6043,6043.000,6.043,3592.661,HIGH,SIMULATOR
2026-10-02 05:18:38,6044,6044.000,6.044,3594.858,HIGH,SIMULATOR
2026-10-02 05:18:39,6045,6045.000,6.045,3585.931,HIGH,SIMULATOR
2026-10-02 05:18:40,6046,6046.000,6.046,3565.458,HIGH,SIMULATOR
2026-10-02 05:18:41,6047,6047.000,6.047,3557.480,HIGH,SIMULATOR
2026-10-02 05:18:42,6048,6048.000,6.048,3592.294,HIGH,SIMULATOR
2026-10-02 05:18:43,6049,6049.000,6.049,3585.189,HIGH,SIMULATOR
2026-10-02 05:18:44,6050,6050.000,6.050,3588.789,HIGH,SIMULATOR
2026-10-02 05:18:45,6051,6051.000,6.051,3593.837,HIGH,SIMULATOR
2026-10-02 05:18:46,6052,6052.000,6.052,3590.830,HIGH,SIMULATOR
2026-10-02 05:18:47,6053,6053.000,6.053,3468.833,HIGH,SIMULATOR
2026-10-02 05:18:48,6054,6054.000,6.054,3524.684,HIGH,SIMULATOR
2026-10-02 05:18:49,6055,6055.000,6.055,3581.437,HIGH,SIMULATOR
2026-10-02 05:18:50,6056,6056.000,6.056,3581.743,HIGH,SIMULATOR
2026-10-02 05:18:51,6057,6057.000,6.057,3592.336,HIGH,SIMULATOR
2026-10-02 05:18:52,6058,6058.000,6.058,3594.184,HIGH,SIMULATOR
2026-10-02 05:18:53,6059,6059.000,6.059,3591.154,HIGH,SIMULATOR
2026-10-02 05:18:54,6060,6060.000,6.060,3591.384,HIGH,SIMULATOR
2026-10-02 05:18:55,6061,6061.000,6.061,3594.951,HIGH,SIMULATOR
2026-10-02 05:18:56,6062,6062.000,6.062,3593.369,HIGH,SIMULATOR
2026-10-02 05:18:57,6063,6063.000,6.063,3591.281,HIGH,SIMULATOR
2026-10-02 05:18:58,6064,6064.000,6.064,3595.036,HIGH,SIMULATOR
2026-10-02 05:18:59,6065,6065.000,6.065,3594.705,HIGH,SIMULATOR
2026-10-02 05:19:00,6066,6066.000,6.066,3594.202,HIGH,SIMULATOR
2026-10-02 05:19:01,6067,6067.000,6.067,3590.315,HIGH,SIMULATOR
2026-10-02 05:19:02,6068,6068.000,6.068,3589.148,HIGH,SIMULATOR
2026-10-02 05:19:03,6069,6069.000,6.069,3595.538,HIGH,SIMULATOR
2026-10-02 05:19:04,6070,6070.000,6.070,3595.449,HIGH,SIMULATOR
2026-10-02 05:19:05,6071,6071.000,6.071,3594.732,HIGH,SIMULATOR
2026-10-02 05:19:06,6072,6072.000,6.072,3594.798,HIGH,SIMULATOR
2026-10-02 05:19:07,6073,6073.000,6.073,3593.888,HIGH,SIMULATOR
2026-10-02 05:19:08,6074,6074.000,6.074,3591.248,HIGH,SIMULATOR
2026-10-02 05:19:09,6075,6075.000,6.075,3594.126,HIGH,SIMULATOR
2026-10-02 05:19:10,6076,6076.000,6.076,3595.231,HIGH,SIMULATOR
2026-10-02 05:19:11,6077,6077.000,6.077,3595.453,HIGH,SIMULATOR
2026-10-02 05:19:12,6078,6078.000,6.078,3590.692,HIGH,SIMULATOR
2026-10-02 05:19:13,6079,6079.000,6.079,3586.612,HIGH,SIMULATOR
2026-10-02 05:19:14,6080,6080.000,6.080,3589.299,HIGH,SIMULATOR
2026-10-02 05:19:15,6081,6081.000,6.081,3589.626,HIGH,SIMULATOR
2026-10-02 05:19:16,6082,6082.000,6.082,3590.852,HIGH,SIMULATOR
2026-10-02 05:19:17,6083,6083.000,6.083,3591.108,HIGH,SIMULATOR
2026-10-02 05:19:18,6084,6084.000,6.084,3591.058,HIGH,SIMULATOR
2026-10-02 05:19:19,6085,6085.000,6.085,3591.154,HIGH,SIMULATOR
2026-10-02 05:19:20,6086,6086.000,6.086,3592.316,HIGH,SIMULATOR
2026-10-02 05:19:21,6087,6087.000,6.087,3593.831,HIGH,SIMULATOR
2026-10-02 05:19:22,6088,6088.000,6.088,3593.129,HIGH,SIMULATOR
2026-10-02 05:19:23,6089,6089.000,6.089,3595.628,HIGH,SIMULATOR
2026-10-02 05:19:24,6090,6090.000,6.090,3592.344,HIGH,SIMULATOR
2026-10-02 05:19:25,6091,6091.000,6.091,3585.677,HIGH,SIMULATOR
2026-10-02 05:19:26,6092,6092.000,6.092,3593.280,HIGH,SIMULATOR
2026-10-02 05:19:27,6093,6093.000,6.093,3592.806,HIGH,SIMULATOR
2026-10-02 05:19:28,6094,6094.000,6.094,3589.603,HIGH,SIMULATOR
2026-10-02 05:19:29,6095,6095.000,6.095,3590.697,HIGH,SIMULATOR
2026-10-02 05:19:30,6096,6096.000,6.096,3590.283,HIGH,SIMULATOR
2026-10-02 05:19:31,6097,6097.000,6.097,3589.891,HIGH,SIMULATOR
2026-10-02 05:19:32,6098,6098.000,6.098,3568.850,HIGH,SIMULATOR
2026-10-02 05:19:33,6099,6099.000,6.099,3595.331,HIGH,SIMULATOR
2026-10-02 05:19:34,6100,6100.000,6.100,3593.981,HIGH,SIMULATOR
2026-10-02 05:19:35,6101,6101.000,6.101,3594.403,HIGH,SIMULATOR
2026-10-02 05:19:36,6102,6102.000,6.102,3594.538,HIGH,SIMULATOR
2026-10-02 05:19:37,6103,6103.000,6.103,3592.226,HIGH,SIMULATOR
2026-10-02 05:19:38,6104,6104.000,6.104,3590.070,HIGH,SIMULATOR
2026-10-02 05:19:39,6105,6105.000,6.105,3592.955,HIGH,SIMULATOR
2026-10-02 05:19:40,6106,6106.000,6.106,3592.233,HIGH,SIMULATOR
2026-10-02 05:19:41,6107,6107.000,6.107,3591.183,HIGH,SIMULATOR
2026-10-02 05:19:42,6108,6108.000,6.108,3592.079,HIGH,SIMULATOR
2026-10-02 05:19:43,6109,6109.000,6.109,3590.738,HIGH,SIMULATOR
2026-10-02 05:19:44,6110,6110.000,6.110,3587.888,HIGH,SIMULATOR
2026-10-02 05:19:45,6111,6111.000,6.111,3585.331,HIGH,SIMULATOR
2026-10-02 05:19:46,6112,6112.000,6.112,3590.287,HIGH,SIMULATOR
2026-10-02 05:19:47,6113,6113.000,6.113,3588.442,HIGH,SIMULATOR
2026-10-02 05:19:48,6114,6114.000,6.114,3589.728,HIGH,SIMULATOR
2026-10-02 05:19:49,6115,6115.000,6.115,3586.333,HIGH,SIMULATOR
2026-10-02 05:19:50,6116,6116.000,6.116,3593.035,HIGH,SIMULATOR
2026-10-02 05:19:51,6117,6117.000,6.117,3592.948,HIGH,SIMULATOR
2026-10-02 05:19:52,6118,6118.000,6.118,3591.676,HIGH,SIMULATOR
2026-10-02 05:19:53,6119,6119.000,6.119,3580.979,HIGH,SIMULATOR
2026-10-02 05:19:54,6120,6120.000,6.120,3480.032,HIGH,SIMULATOR
2026-10-02 05:19:55,6121,6121.000,6.121,3592.581,HIGH,SIMULATOR
2026-10-02 05:19:56,6122,6122.000,6.122,3591.001,HIGH,SIMULATOR
2026-10-02 05:19:57,6123,6123.000,6.123,3591.626,HIGH,SIMULATOR
2026-10-02 05:19:58,6124,6124.000,6.124,3591.058,HIGH,SIMULATOR
2026-10-02 05:19:59,6125,6125.000,6.125,3593.105,HIGH,SIMULATOR
2026-10-02 05:20:00,6126,6126.000,6.126,3587.547,HIGH,SIMULATOR
2026-10-02 05:20:01,6127,6127.000,6.127,3588.263,HIGH,SIMULATOR
2026-10-02 05:20:02,6128,6128.000,6.128,3591.239,HIGH,SIMULATOR
2026-10-02 05:20:03,6129,6129.000,6.129,3585.632,HIGH,SIMULATOR
2026-10-02 05:20:04,6130,6130.000,6.130,3591.233,HIGH,SIMULATOR
2026-10-02 05:20:05,6131,6131.000,6.131,3595.173,HIGH,SIMULATOR
2026-10-02 05:20:06,6132,6132.000,6.132,3590.518,HIGH,SIMULATOR
2026-10-02 05:20:07,6133,6133.000,6.133,3592.390,HIGH,SIMULATOR
2026-10-02 05:20:08,6134,6134.000,6.134,3590.632,HIGH,SIMULATOR
2026-10-02 05:20:09,6135,6135.000,6.135,3590.396,HIGH,SIMULATOR
2026-10-02 05:20:10,6136,6136.000,6.136,3595.905,HIGH,SIMULATOR
2026-10-02 05:20:11,6137,6137.000,6.137,3592.240,HIGH,SIMULATOR
2026-10-02 05:20:12,6138,6138.000,6.138,3591.463,HIGH,SIMULATOR
2026-10-02 05:20:13,6139,6139.000,6.139,3590.980,HIGH,SIMULATOR
2026-10-02 05:20:14,6140,6140.000,6.140,3591.004,HIGH,SIMULATOR
2026-10-02 05:20:15,6141,6141.000,6.141,3587.977,HIGH,SIMULATOR
2026-10-02 05:20:16,6142,6142.000,6.142,3592.065,HIGH,SIMULATOR
2026-10-02 05:20:17,6143,6143.000,6.143,3592.704,HIGH,SIMULATOR
2026-10-02 05:20:18,6144,6144.000,6.144,3589.915,HIGH,SIMULATOR
2026-10-02 05:20:19,6145,6145.000,6.145,3591.165,HIGH,SIMULATOR
2026-10-02 05:20:20,6146,6146.000,6.146,3592.137,HIGH,SIMULATOR
2026-10-02 05:20:21,6147,6147.000,6.147,3591.687,HIGH,SIMULATOR
2026-10-02 05:20:22,6148,6148.000,6.148,3591.738,HIGH,SIMULATOR
2026-10-02 05:20:23,6149,6149.000,6.149,3591.921,HIGH,SIMULATOR
2026-10-02 05:20:24,6150,6150.000,6.150,3591.391,HIGH,SIMULATOR
2026-10-02 05:20:25,6151,6151.000,6.151,3590.937,HIGH,SIMULATOR
2026-10-02 05:20:26,6152,6152.000,6.152,3590.176,HIGH,SIMULATOR
2026-10-02 05:20:27,6153,6153.000,6.153,3590.872,HIGH,SIMULATOR
2026-10-02 05:20:28,6154,6154.000,6.154,3592.486,HIGH,SIMULATOR
2026-10-02 05:20:29,6155,6155.000,6.155,3591.556,HIGH,SIMULATOR
2026-10-02 05:20:30,6156,6156.000,6.156,3587.541,HIGH,SIMULATOR
2026-10-02 05:20:31,6157,6157.000,6.157,3588.937,HIGH,SIMULATOR
2026-10-02 05:20:32,6158,6158.000,6.158,3591.276,HIGH,SIMULATOR
2026-10-02 05:20:33,6159,6159.000,6.159,3589.688,HIGH,SIMULATOR
2026-10-02 05:20:34,6160,6160.000,6.160,3590.222,HIGH,SIMULATOR
2026-10-02 05:20:35,6161,6161.000,6.161,3588.799,HIGH,SIMULATOR
2026-10-02 05:20:36,6162,6162.000,6.162,3590.896,HIGH,SIMULATOR
2026-10-02 05:20:37,6163,6163.000,6.163,3594.410,HIGH,SIMULATOR
2026-10-02 05:20:38,6164,6164.000,6.164,3591.404,HIGH,SIMULATOR
2026-10-02 05:20:39,6165,6165.000,6.165,3589.277,HIGH,SIMULATOR
2026-10-02 05:20:40,6166,6166.000,6.166,3590.365,HIGH,SIMULATOR
2026-10-02 05:20:41,6167,6167.000,6.167,3590.715,HIGH,SIMULATOR
2026-10-02 05:20:42,6168,6168.000,6.168,3584.305,HIGH,SIMULATOR
2026-10-02 05:20:43,6169,6169.000,6.169,3585.124,HIGH,SIMULATOR
2026-10-02 05:20:44,6170,6170.000,6.170,3576.674,HIGH,SIMULATOR
2026-10-02 05:20:45,6171,6171.000,6.171,3590.644,HIGH,SIMULATOR
2026-10-02 05:20:46,6172,6172.000,6.172,3592.799,HIGH,SIMULATOR
2026-10-02 05:20:47,6173,6173.000,6.173,3592.040,HIGH,SIMULATOR
2026-10-02 05:20:48,6174,6174.000,6.174,3594.920,HIGH,SIMULATOR
2026-10-02 05:20:49,6175,6175.000,6.175,3593.115,HIGH,SIMULATOR
2026-10-02 05:20:50,6176,6176.000,6.176,3589.955,HIGH,SIMULATOR
2026-10-02 05:20:51,6177,6177.000,6.177,3589.818,HIGH,SIMULATOR
2026-10-02 05:20:52,6178,6178.000,6.178,3590.112,HIGH,SIMULATOR
2026-10-02 05:20:53,6179,6179.000,6.179,3588.051,HIGH,SIMULATOR
2026-10-02 05:20:54,6180,6180.000,6.180,3591.581,HIGH,SIMULATOR
2026-10-02 05:20:55,6181,6181.000,6.181,3586.758,HIGH,SIMULATOR
2026-10-02 05:20:56,6182,6182.000,6.182,3589.418,HIGH,SIMULATOR
2026-10-02 05:20:57,6183,6183.000,6.183,3590.730,HIGH,SIMULATOR
2026-10-02 05:20:58,6184,6184.000,6.184,3588.455,HIGH,SIMULATOR
2026-10-02 05:20:59,6185,6185.000,6.185,3584.761,HIGH,SIMULATOR
2026-10-02 05:21:00,6186,6186.000,6.186,3591.977,HIGH,SIMULATOR
2026-10-02 05:21:01,6187,6187.000,6.187,3589.726,HIGH,SIMULATOR
2026-10-02 05:21:02,6188,6188.000,6.188,3591.749,HIGH,SIMULATOR
2026-10-02 05:21:03,6189,6189.000,6.189,3589.668,HIGH,SIMULATOR
2026-10-02 05:21:04,6190,6190.000,6.190,3596.001,HIGH,SIMULATOR
2026-10-02 05:21:05,6191,6191.000,6.191,3592.504,HIGH,SIMULATOR
2026-10-02 05:21:06,6192,6192.000,6.192,3586.885,HIGH,SIMULATOR
2026-10-02 05:21:07,6193,6193.000,6.193,3593.685,HIGH,SIMULATOR
2026-10-02 05:21:08,6194,6194.000,6.194,3588.201,HIGH,SIMULATOR
2026-10-02 05:21:09,6195,6195.000,6.195,3590.457,HIGH,SIMULATOR
2026-10-02 05:21:10,6196,6196.000,6.196,3595.624,HIGH,SIMULATOR
2026-10-02 05:21:11,6197,6197.000,6.197,3596.360,HIGH,SIMULATOR
2026-10-02 05:21:12,6198,6198.000,6.198,3596.239,HIGH,SIMULATOR
2026-10-02 05:21:13,6199,6199.000,6.199,3592.769,HIGH,SIMULATOR
2026-10-02 05:21:14,6200,6200.000,6.200,3594.709,HIGH,SIMULATOR
2026-10-02 05:21:15,6201,6201.000,6.201,3594.278,HIGH,SIMULATOR
2026-10-02 05:21:16,6202,6202.000,6.202,3588.403,HIGH,SIMULATOR
2026-10-02 05:21:17,6203,6203.000,6.203,3596.827,HIGH,SIMULATOR
2026-10-02 05:21:18,6204,6204.000,6.204,3594.229,HIGH,SIMULATOR
2026-10-02 05:21:19,6205,6205.000,6.205,3590.821,HIGH,SIMULATOR
2026-10-02 05:21:20,6206,6206.000,6.206,3593.840,HIGH,SIMULATOR
2026-10-02 05:21:22,6207,6207.000,6.207,3588.264,HIGH,SIMULATOR
2026-10-02 05:21:23,6208,6208.000,6.208,3588.623,HIGH,SIMULATOR
2026-10-02 05:21:24,6209,6209.000,6.209,3595.913,HIGH,SIMULATOR
2026-10-02 05:21:25,6210,6210.000,6.210,3592.094,HIGH,SIMULATOR
2026-10-02 05:21:26,6211,6211.000,6.211,3589.329,HIGH,SIMULATOR
2026-10-02 05:21:27,6212,6212.000,6.212,3591.736,HIGH,SIMULATOR
2026-10-02 05:21:28,6213,6213.000,6.213,3592.185,HIGH,SIMULATOR
2026-10-02 05:21:29,6214,6214.000,6.214,3590.044,HIGH,SIMULATOR
2026-10-02 05:21:30,6215,6215.000,6.215,3590.958,HIGH,SIMULATOR
2026-10-02 05:21:31,6216,6216.000,6.216,3594.056,HIGH,SIMULATOR
2026-10-02 05:21:32,6217,6217.000,6.217,3593.348,HIGH,SIMULATOR
2026-10-02 05:21:33,6218,6218.000,6.218,3594.295,HIGH,SIMULATOR
2026-10-02 05:21:34,6219,6219.000,6.219,3592.995,HIGH,SIMULATOR
2026-10-02 05:21:35,6220,6220.000,6.220,3590.916,HIGH,SIMULATOR
2026-10-02 05:21:36,6221,6221.000,6.221,3591.867,HIGH,SIMULATOR
2026-10-02 05:21:37,6222,6222.000,6.222,3594.828,HIGH,SIMULATOR
2026-10-02 05:21:38,6223,6223.000,6.223,3589.571,HIGH,SIMULATOR
2026-10-02 05:21:39,6224,6224.000,6.224,3586.224,HIGH,SIMULATOR
2026-10-02 05:21:40,6225,6225.000,6.225,3590.781,HIGH,SIMULATOR
2026-10-02 05:21:41,6226,6226.000,6.226,3589.524,HIGH,SIMULATOR
2026-10-02 05:21:42,6227,6227.000,6.227,3592.241,HIGH,SIMULATOR
2026-10-02 05:21:43,6228,6228.000,6.228,3589.703,HIGH,SIMULATOR
2026-10-02 05:21:44,6229,6229.000,6.229,3585.420,HIGH,SIMULATOR
2026-10-02 05:21:45,6230,6230.000,6.230,3592.371,HIGH,SIMULATOR
2026-10-02 05:21:46,6231,6231.000,6.231,3594.718,HIGH,SIMULATOR
2026-10-02 05:21:47,6232,6232.000,6.232,3590.370,HIGH,SIMULATOR
2026-10-02 05:21:48,6233,6233.000,6.233,3594.849,HIGH,SIMULATOR
2026-10-02 05:21:49,6234,6234.000,6.234,3592.999,HIGH,SIMULATOR
2026-10-02 05:21:50,6235,6235.000,6.235,3593.607,HIGH,SIMULATOR
2026-10-02 05:21:51,6236,6236.000,6.236,3595.453,HIGH,SIMULATOR
2026-10-02 05:21:52,6237,6237.000,6.237,3595.727,HIGH,SIMULATOR
2026-10-02 05:21:53,6238,6238.000,6.238,3576.310,HIGH,SIMULATOR
2026-10-02 05:21:54,6239,6239.000,6.239,3593.926,HIGH,SIMULATOR
2026-10-02 05:21:55,6240,6240.000,6.240,3516.534,HIGH,SIMULATOR
2026-10-02 05:21:56,6241,6241.000,6.241,3592.984,HIGH,SIMULATOR
2026-10-02 05:21:57,6242,6242.000,6.242,3591.108,HIGH,SIMULATOR
2026-10-02 05:21:58,6243,6243.000,6.243,3591.202,HIGH,SIMULATOR
2026-10-02 05:21:59,6244,6244.000,6.244,3587.901,HIGH,SIMULATOR
2026-10-02 05:22:00,6245,6245.000,6.245,3589.786,HIGH,SIMULATOR
2026-10-02 05:22:01,6246,6246.000,6.246,3590.580,HIGH,SIMULATOR
2026-10-02 05:22:02,6247,6247.000,6.247,3588.136,HIGH,SIMULATOR
2026-10-02 05:22:03,6248,6248.000,6.248,3593.330,HIGH,SIMULATOR
2026-10-02 05:22:04,6249,6249.000,6.249,3591.469,HIGH,SIMULATOR
2026-10-02 05:22:05,6250,6250.000,6.250,3588.393,HIGH,SIMULATOR
2026-10-02 05:22:06,6251,6251.000,6.251,3590.873,HIGH,SIMULATOR
2026-10-02 05:22:07,6252,6252.000,6.252,3587.101,HIGH,SIMULATOR
2026-10-02 05:22:08,6253,6253.000,6.253,3586.985,HIGH,SIMULATOR
2026-10-02 05:22:09,6254,6254.000,6.254,3593.086,HIGH,SIMULATOR
2026-10-02 05:22:10,6255,6255.000,6.255,3594.745,HIGH,SIMULATOR
2026-10-02 05:22:11,6256,6256.000,6.256,3591.668,HIGH,SIMULATOR
2026-10-02 05:22:12,6257,6257.000,6.257,3553.423,HIGH,SIMULATOR
2026-10-02 05:22:13,6258,6258.000,6.258,3591.815,HIGH,SIMULATOR
2026-10-02 05:22:14,6259,6259.000,6.259,3592.645,HIGH,SIMULATOR
2026-10-02 05:22:15,6260,6260.000,6.260,3593.702,HIGH,SIMULATOR
2026-10-02 05:22:16,6261,6261.000,6.261,3594.467,HIGH,SIMULATOR
2026-10-02 05:22:17,6262,6262.000,6.262,3591.054,HIGH,SIMULATOR
2026-10-02 05:22:18,6263,6263.000,6.263,3587.049,HIGH,SIMULATOR
2026-10-02 05:22:19,6264,6264.000,6.264,3591.247,HIGH,SIMULATOR
2026-10-02 05:22:20,6265,6265.000,6.265,3593.931,HIGH,SIMULATOR
2026-10-02 05:22:21,6266,6266.000,6.266,3586.170,HIGH,SIMULATOR
2026-10-02 05:22:22,6267,6267.000,6.267,3589.125,HIGH,SIMULATOR
2026-10-02 05:22:23,6268,6268.000,6.268,3590.234,HIGH,SIMULATOR
2026-10-02 05:22:24,6269,6269.000,6.269,3587.203,HIGH,SIMULATOR
2026-10-02 05:22:25,6270,6270.000,6.270,3586.608,HIGH,SIMULATOR
2026-10-02 05:22:26,6271,6271.000,6.271,3592.114,HIGH,SIMULATOR
2026-10-02 05:22:27,6272,6272.000,6.272,3591.939,HIGH,SIMULATOR
2026-10-02 05:22:28,6273,6273.000,6.273,3590.973,HIGH,SIMULATOR
2026-10-02 05:22:29,6274,6274.000,6.274,3590.623,HIGH,SIMULATOR
2026-10-02 05:22:30,6275,6275.000,6.275,3590.302,HIGH,SIMULATOR
2026-10-02 05:22:31,6276,6276.000,6.276,3584.801,HIGH,SIMULATOR
2026-10-02 05:22:32,6277,6277.000,6.277,3594.586,HIGH,SIMULATOR
2026-10-02 05:22:33,6278,6278.000,6.278,3593.917,HIGH,SIMULATOR
2026-10-02 05:22:34,6279,6279.000,6.279,3593.036,HIGH,SIMULATOR
2026-10-02 05:22:35,6280,6280.000,6.280,3592.384,HIGH,SIMULATOR
2026-10-02 05:22:36,6281,6281.000,6.281,3592.030,HIGH,SIMULATOR
2026-10-02 05:22:37,6282,6282.000,6.282,3591.197,HIGH,SIMULATOR
2026-10-02 05:22:38,6283,6283.000,6.283,3588.207,HIGH,SIMULATOR
2026-10-02 05:22:39,6284,6284.000,6.284,3589.582,HIGH,SIMULATOR
2026-10-02 05:22:40,6285,6285.000,6.285,3592.361,HIGH,SIMULATOR
2026-10-02 05:22:41,6286,6286.000,6.286,3587.231,HIGH,SIMULATOR
2026-10-02 05:22:42,6287,6287.000,6.287,3592.985,HIGH,SIMULATOR
2026-10-02 05:22:43,6288,6288.000,6.288,3592.817,HIGH,SIMULATOR
2026-10-02 05:22:44,6289,6289.000,6.289,3582.453,HIGH,SIMULATOR
2026-10-02 05:22:45,6290,6290.000,6.290,3594.557,HIGH,SIMULATOR
2026-10-02 05:22:46,6291,6291.000,6.291,3592.207,HIGH,SIMULATOR
2026-10-02 05:22:47,6292,6292.000,6.292,3589.769,HIGH,SIMULATOR
2026-10-02 05:22:48,6293,6293.000,6.293,3592.761,HIGH,SIMULATOR
2026-10-02 05:22:49,6294,6294.000,6.294,3594.503,HIGH,SIMULATOR
2026-10-02 05:22:50,6295,6295.000,6.295,3596.795,HIGH,SIMULATOR
2026-10-02 05:22:51,6296,6296.000,6.296,3595.759,HIGH,SIMULATOR
2026-10-02 05:22:52,6297,6297.000,6.297,3592.733,HIGH,SIMULATOR
2026-10-02 05:22:53,6298,6298.000,6.298,3585.054,HIGH,SIMULATOR
2026-10-02 05:22:54,6299,6299.000,6.299,3589.373,HIGH,SIMULATOR
2026-10-02 05:22:55,6300,6300.000,6.300,3590.856,HIGH,SIMULATOR
2026-10-02 05:22:56,6301,6301.000,6.301,3592.880,HIGH,SIMULATOR
2026-10-02 05:22:57,6302,6302.000,6.302,3592.780,HIGH,SIMULATOR
2026-10-02 05:22:58,6303,6303.000,6.303,3588.037,HIGH,SIMULATOR
2026-10-02 05:22:59,6304,6304.000,6.304,3582.796,HIGH,SIMULATOR
2026-10-02 05:23:00,6305,6305.000,6.305,3576.908,HIGH,SIMULATOR
2026-10-02 05:23:01,6306,6306.000,6.306,3594.041,HIGH,SIMULATOR
2026-10-02 05:23:02,6307,6307.000,6.307,3592.129,HIGH,SIMULATOR
2026-10-02 05:23:03,6308,6308.000,6.308,3591.314,HIGH,SIMULATOR
2026-10-02 05:23:04,6309,6309.000,6.309,3592.091,HIGH,SIMULATOR
2026-10-02 05:23:05,6310,6310.000,6.310,3595.416,HIGH,SIMULATOR
2026-10-02 05:23:06,6311,6311.000,6.311,3593.152,HIGH,SIMULATOR
2026-10-02 05:23:07,6312,6312.000,6.312,3594.909,HIGH,SIMULATOR
2026-10-02 05:23:08,6313,6313.000,6.313,3594.410,HIGH,SIMULATOR
2026-10-02 05:23:09,6314,6314.000,6.314,3594.157,HIGH,SIMULATOR
2026-10-02 05:23:10,6315,6315.000,6.315,3591.724,HIGH,SIMULATOR
2026-10-02 05:23:11,6316,6316.000,6.316,3589.545,HIGH,SIMULATOR
2026-10-02 05:23:12,6317,6317.000,6.317,3587.601,HIGH,SIMULATOR
2026-10-02 05:23:13,6318,6318.000,6.318,3595.453,HIGH,SIMULATOR
2026-10-02 05:23:14,6319,6319.000,6.319,3595.092,HIGH,SIMULATOR
2026-10-02 05:23:15,6320,6320.000,6.320,3594.763,HIGH,SIMULATOR
2026-10-02 05:23:16,6321,6321.000,6.321,3586.208,HIGH,SIMULATOR
2026-10-02 05:23:17,6322,6322.000,6.322,3590.694,HIGH,SIMULATOR
2026-10-02 05:23:18,6323,6323.000,6.323,3591.504,HIGH,SIMULATOR
2026-10-02 05:23:19,6324,6324.000,6.324,3589.261,HIGH,SIMULATOR
2026-10-02 05:23:20,6325,6325.000,6.325,3590.884,HIGH,SIMULATOR
2026-10-02 05:23:21,6326,6326.000,6.326,3585.835,HIGH,SIMULATOR
2026-10-02 05:23:22,6327,6327.000,6.327,3593.181,HIGH,SIMULATOR
2026-10-02 05:23:23,6328,6328.000,6.328,3592.939,HIGH,SIMULATOR
2026-10-02 05:23:24,6329,6329.000,6.329,3576.594,HIGH,SIMULATOR
2026-10-02 05:23:25,6330,6330.000,6.330,3589.074,HIGH,SIMULATOR
2026-10-02 05:23:26,6331,6331.000,6.331,3591.456,HIGH,SIMULATOR
2026-10-02 05:23:27,6332,6332.000,6.332,3593.976,HIGH,SIMULATOR
2026-10-02 05:23:28,6333,6333.000,6.333,3592.546,HIGH,SIMULATOR
2026-10-02 05:23:29,6334,6334.000,6.334,3592.138,HIGH,SIMULATOR
2026-10-02 05:23:30,6335,6335.000,6.335,3593.267,HIGH,SIMULATOR
2026-10-02 05:23:31,6336,6336.000,6.336,3593.619,HIGH,SIMULATOR
2026-10-02 05:23:32,6337,6337.000,6.337,3595.042,HIGH,SIMULATOR
2026-10-02 05:23:33,6338,6338.000,6.338,3594.484,HIGH,SIMULATOR
2026-10-02 05:23:34,6339,6339.000,6.339,3594.971,HIGH,SIMULATOR
2026-10-02 05:23:35,6340,6340.000,6.340,3593.081,HIGH,SIMULATOR
2026-10-02 05:23:36,6341,6341.000,6.341,3594.361,HIGH,SIMULATOR
2026-10-02 05:23:37,6342,6342.000,6.342,3589.979,HIGH,SIMULATOR
2026-10-02 05:23:38,6343,6343.000,6.343,3591.217,HIGH,SIMULATOR
2026-10-02 05:23:39,6344,6344.000,6.344,3592.094,HIGH,SIMULATOR
2026-10-02 05:23:40,6345,6345.000,6.345,3593.604,HIGH,SIMULATOR
2026-10-02 05:23:41,6346,6346.000,6.346,3592.256,HIGH,SIMULATOR
2026-10-02 05:23:42,6347,6347.000,6.347,3594.734,HIGH,SIMULATOR
2026-10-02 05:23:43,6348,6348.000,6.348,3581.949,HIGH,SIMULATOR
2026-10-02 05:23:44,6349,6349.000,6.349,3595.211,HIGH,SIMULATOR
2026-10-02 05:23:45,6350,6350.000,6.350,3593.102,HIGH,SIMULATOR
2026-10-02 05:23:46,6351,6351.000,6.351,3593.196,HIGH,SIMULATOR
2026-10-02 05:23:47,6352,6352.000,6.352,3592.163,HIGH,SIMULATOR
2026-10-02 05:23:48,6353,6353.000,6.353,3591.466,HIGH,SIMULATOR
2026-10-02 05:23:49,6354,6354.000,6.354,3591.044,HIGH,SIMULATOR
2026-10-02 05:23:50,6355,6355.000,6.355,3588.558,HIGH,SIMULATOR
2026-10-02 05:23:51,6356,6356.000,6.356,3595.444,HIGH,SIMULATOR
2026-10-02 05:23:52,6357,6357.000,6.357,3593.508,HIGH,SIMULATOR
2026-10-02 05:23:53,6358,6358.000,6.358,3591.209,HIGH,SIMULATOR
2026-10-02 05:23:54,6359,6359.000,6.359,3589.678,HIGH,SIMULATOR
2026-10-02 05:23:55,6360,6360.000,6.360,3589.551,HIGH,SIMULATOR
2026-10-02 05:23:56,6361,6361.000,6.361,3590.789,HIGH,SIMULATOR
2026-10-02 05:23:57,6362,6362.000,6.362,3590.221,HIGH,SIMULATOR
2026-10-02 05:23:58,6363,6363.000,6.363,3592.072,HIGH,SIMULATOR
2026-10-02 05:23:59,6364,6364.000,6.364,3596.571,HIGH,SIMULATOR
2026-10-02 05:24:00,6365,6365.000,6.365,3593.616,HIGH,SIMULATOR
2026-10-02 05:24:01,6366,6366.000,6.366,3591.392,HIGH,SIMULATOR
2026-10-02 05:24:02,6367,6367.000,6.367,3593.226,HIGH,SIMULATOR
2026-10-02 05:24:03,6368,6368.000,6.368,3594.824,HIGH,SIMULATOR
2026-10-02 05:24:04,6369,6369.000,6.369,3593.812,HIGH,SIMULATOR
2026-10-02 05:24:05,6370,6370.000,6.370,3591.012,HIGH,SIMULATOR
2026-10-02 05:24:06,6371,6371.000,6.371,3593.014,HIGH,SIMULATOR
2026-10-02 05:24:07,6372,6372.000,6.372,3588.226,HIGH,SIMULATOR
2026-10-02 05:24:08,6373,6373.000,6.373,3593.099,HIGH,SIMULATOR
2026-10-02 05:24:09,6374,6374.000,6.374,3591.128,HIGH,SIMULATOR
2026-10-02 05:24:10,6375,6375.000,6.375,3591.980,HIGH,SIMULATOR
2026-10-02 05:24:11,6376,6376.000,6.376,3595.064,HIGH,SIMULATOR
2026-10-02 05:24:12,6377,6377.000,6.377,3594.858,HIGH,SIMULATOR
2026-10-02 05:24:13,6378,6378.000,6.378,3592.959,HIGH,SIMULATOR
2026-10-02 05:24:14,6379,6379.000,6.379,3594.671,HIGH,SIMULATOR
2026-10-02 05:24:15,6380,6380.000,6.380,3595.779,HIGH,SIMULATOR
2026-10-02 05:24:16,6381,6381.000,6.381,3595.314,HIGH,SIMULATOR
2026-10-02 05:24:17,6382,6382.000,6.382,3595.870,HIGH,SIMULATOR
2026-10-02 05:24:18,6383,6383.000,6.383,3594.529,HIGH,SIMULATOR
2026-10-02 05:24:19,6384,6384.000,6.384,3595.266,HIGH,SIMULATOR
2026-10-02 05:24:20,6385,6385.000,6.385,3594.867,HIGH,SIMULATOR
2026-10-02 05:24:21,6386,6386.000,6.386,3589.588,HIGH,SIMULATOR
2026-10-02 05:24:22,6387,6387.000,6.387,3594.614,HIGH,SIMULATOR
2026-10-02 05:24:23,6388,6388.000,6.388,3591.388,HIGH,SIMULATOR
2026-10-02 05:24:24,6389,6389.000,6.389,3591.845,HIGH,SIMULATOR
2026-10-02 05:24:25,6390,6390.000,6.390,3593.753,HIGH,SIMULATOR
2026-10-02 05:24:26,6391,6391.000,6.391,3591.036,HIGH,SIMULATOR
2026-10-02 05:24:27,6392,6392.000,6.392,3594.965,HIGH,SIMULATOR
2026-10-02 05:24:28,6393,6393.000,6.393,3591.978,HIGH,SIMULATOR
2026-10-02 05:24:29,6394,6394.000,6.394,3589.225,HIGH,SIMULATOR
2026-10-02 05:24:30,6395,6395.000,6.395,3460.342,HIGH,SIMULATOR
2026-10-02 05:24:31,6396,6396.000,6.396,3595.417,HIGH,SIMULATOR
2026-10-02 05:24:32,6397,6397.000,6.397,3591.259,HIGH,SIMULATOR
2026-10-02 05:24:33,6398,6398.000,6.398,3594.312,HIGH,SIMULATOR
2026-10-02 05:24:34,6399,6399.000,6.399,3593.571,HIGH,SIMULATOR
2026-10-02 05:24:35,6400,6400.000,6.400,3591.164,HIGH,SIMULATOR
2026-10-02 05:24:36,6401,6401.000,6.401,3592.546,HIGH,SIMULATOR
2026-10-02 05:24:37,6402,6402.000,6.402,3591.296,HIGH,SIMULATOR
2026-10-02 05:24:38,6403,6403.000,6.403,3594.461,HIGH,SIMULATOR
2026-10-02 05:24:39,6404,6404.000,6.404,3589.349,HIGH,SIMULATOR
2026-10-02 05:24:40,6405,6405.000,6.405,3592.748,HIGH,SIMULATOR
2026-10-02 05:24:41,6406,6406.000,6.406,3591.633,HIGH,SIMULATOR
2026-10-02 05:24:42,6407,6407.000,6.407,3592.341,HIGH,SIMULATOR
2026-10-02 05:24:43,6408,6408.000,6.408,3571.571,HIGH,SIMULATOR
2026-10-02 05:24:44,6409,6409.000,6.409,3577.460,HIGH,SIMULATOR
2026-10-02 05:24:45,6410,6410.000,6.410,3593.495,HIGH,SIMULATOR
2026-10-02 05:24:46,6411,6411.000,6.411,3592.229,HIGH,SIMULATOR
2026-10-02 05:24:47,6412,6412.000,6.412,3590.839,HIGH,SIMULATOR
2026-10-02 05:24:48,6413,6413.000,6.413,3583.251,HIGH,SIMULATOR
2026-10-02 05:24:49,6414,6414.000,6.414,3591.887,HIGH,SIMULATOR
2026-10-02 05:24:50,6415,6415.000,6.415,3589.022,HIGH,SIMULATOR
2026-10-02 05:24:51,6416,6416.000,6.416,3590.446,HIGH,SIMULATOR
2026-10-02 05:24:52,6417,6417.000,6.417,3591.232,HIGH,SIMULATOR
2026-10-02 05:24:53,6418,6418.000,6.418,3572.309,HIGH,SIMULATOR
2026-10-02 05:24:54,6419,6419.000,6.419,3585.877,HIGH,SIMULATOR
2026-10-02 05:24:55,6420,6420.000,6.420,3592.095,HIGH,SIMULATOR
2026-10-02 05:24:56,6421,6421.000,6.421,3589.886,HIGH,SIMULATOR
2026-10-02 05:24:57,6422,6422.000,6.422,3590.922,HIGH,SIMULATOR
2026-10-02 05:24:58,6423,6423.000,6.423,3584.663,HIGH,SIMULATOR
2026-10-02 05:24:59,6424,6424.000,6.424,3591.386,HIGH,SIMULATOR
2026-10-02 05:25:00,6425,6425.000,6.425,3587.688,HIGH,SIMULATOR
2026-10-02 05:25:01,6426,6426.000,6.426,3593.701,HIGH,SIMULATOR
2026-10-02 05:25:02,6427,6427.000,6.427,3533.986,HIGH,SIMULATOR
2026-10-02 05:25:03,6428,6428.000,6.428,3595.897,HIGH,SIMULATOR
2026-10-02 05:25:04,6429,6429.000,6.429,3594.526,HIGH,SIMULATOR
2026-10-02 05:25:05,6430,6430.000,6.430,3591.490,HIGH,SIMULATOR
2026-10-02 05:25:06,6431,6431.000,6.431,3589.598,HIGH,SIMULATOR
2026-10-02 05:25:07,6432,6432.000,6.432,3593.260,HIGH,SIMULATOR
2026-10-02 05:25:08,6433,6433.000,6.433,3590.518,HIGH,SIMULATOR
2026-10-02 05:25:09,6434,6434.000,6.434,3590.669,HIGH,SIMULATOR
2026-10-02 05:25:10,6435,6435.000,6.435,3590.009,HIGH,SIMULATOR
2026-10-02 05:25:11,6436,6436.000,6.436,3592.043,HIGH,SIMULATOR
2026-10-02 05:25:12,6437,6437.000,6.437,3590.867,HIGH,SIMULATOR
2026-10-02 05:25:13,6438,6438.000,6.438,3591.459,HIGH,SIMULATOR
2026-10-02 05:25:14,6439,6439.000,6.439,3591.379,HIGH,SIMULATOR
2026-10-02 05:25:15,6440,6440.000,6.440,3593.677,HIGH,SIMULATOR
2026-10-02 05:25:16,6441,6441.000,6.441,3591.887,HIGH,SIMULATOR
2026-10-02 05:25:17,6442,6442.000,6.442,3590.678,HIGH,SIMULATOR
2026-10-02 05:25:18,6443,6443.000,6.443,3590.361,HIGH,SIMULATOR
2026-10-02 05:25:19,6444,6444.000,6.444,3591.255,HIGH,SIMULATOR
2026-10-02 05:25:20,6445,6445.000,6.445,3594.665,HIGH,SIMULATOR
2026-10-02 05:25:21,6446,6446.000,6.446,3592.183,HIGH,SIMULATOR
2026-10-02 05:25:22,6447,6447.000,6.447,3590.419,HIGH,SIMULATOR
2026-10-02 05:25:23,6448,6448.000,6.448,3590.290,HIGH,SIMULATOR
2026-10-02 05:25:24,6449,6449.000,6.449,3591.713,HIGH,SIMULATOR
2026-10-02 05:25:25,6450,6450.000,6.450,3592.270,HIGH,SIMULATOR
2026-10-02 05:25:26,6451,6451.000,6.451,3594.532,HIGH,SIMULATOR
2026-10-02 05:25:27,6452,6452.000,6.452,3595.978,HIGH,SIMULATOR
2026-10-02 05:25:28,6453,6453.000,6.453,3595.751,HIGH,SIMULATOR
2026-10-02 05:25:29,6454,6454.000,6.454,3594.670,HIGH,SIMULATOR
2026-10-02 05:25:30,6455,6455.000,6.455,3595.654,HIGH,SIMULATOR
2026-10-02 05:25:31,6456,6456.000,6.456,3593.660,HIGH,SIMULATOR
2026-10-02 05:25:32,6457,6457.000,6.457,3595.856,HIGH,SIMULATOR
2026-10-02 05:25:33,6458,6458.000,6.458,3594.825,HIGH,SIMULATOR
2026-10-02 05:25:34,6459,6459.000,6.459,3592.534,HIGH,SIMULATOR
2026-10-02 05:25:35,6460,6460.000,6.460,3594.060,HIGH,SIMULATOR
2026-10-02 05:25:36,6461,6461.000,6.461,3545.121,HIGH,SIMULATOR
2026-10-02 05:25:37,6462,6462.000,6.462,3590.886,HIGH,SIMULATOR
2026-10-02 05:25:38,6463,6463.000,6.463,3593.693,HIGH,SIMULATOR
2026-10-02 05:25:39,6464,6464.000,6.464,3593.459,HIGH,SIMULATOR
2026-10-02 05:25:40,6465,6465.000,6.465,3592.397,HIGH,SIMULATOR
2026-10-02 05:25:41,6466,6466.000,6.466,3591.589,HIGH,SIMULATOR
2026-10-02 05:25:42,6467,6467.000,6.467,3591.190,HIGH,SIMULATOR
2026-10-02 05:25:43,6468,6468.000,6.468,3585.168,HIGH,SIMULATOR
2026-10-02 05:25:44,6469,6469.000,6.469,3590.472,HIGH,SIMULATOR
2026-10-02 05:25:45,6470,6470.000,6.470,3557.214,HIGH,SIMULATOR
2026-10-02 05:25:46,6471,6471.000,6.471,3593.819,HIGH,SIMULATOR
2026-10-02 05:25:47,6472,6472.000,6.472,3587.739,HIGH,SIMULATOR
2026-10-02 05:25:48,6473,6473.000,6.473,3587.363,HIGH,SIMULATOR
2026-10-02 05:25:49,6474,6474.000,6.474,3591.418,HIGH,SIMULATOR
2026-10-02 05:25:50,6475,6475.000,6.475,3591.119,HIGH,SIMULATOR
2026-10-02 05:25:51,6476,6476.000,6.476,3593.051,HIGH,SIMULATOR
2026-10-02 05:25:52,6477,6477.000,6.477,3591.704,HIGH,SIMULATOR
2026-10-02 05:25:53,6478,6478.000,6.478,3590.610,HIGH,SIMULATOR
2026-10-02 05:25:54,6479,6479.000,6.479,3592.392,HIGH,SIMULATOR
2026-10-02 05:25:55,6480,6480.000,6.480,3589.766,HIGH,SIMULATOR
2026-10-02 05:25:56,6481,6481.000,6.481,3592.398,HIGH,SIMULATOR
2026-10-02 05:25:57,6482,6482.000,6.482,3591.282,HIGH,SIMULATOR
2026-10-02 05:25:58,6483,6483.000,6.483,3591.692,HIGH,SIMULATOR
2026-10-02 05:25:59,6484,6484.000,6.484,3590.776,HIGH,SIMULATOR
2026-10-02 05:26:00,6485,6485.000,6.485,3592.458,HIGH,SIMULATOR
2026-10-02 05:26:01,6486,6486.000,6.486,3583.655,HIGH,SIMULATOR
2026-10-02 05:26:02,6487,6487.000,6.487,3591.772,HIGH,SIMULATOR
2026-10-02 05:26:03,6488,6488.000,6.488,3587.280,HIGH,SIMULATOR
2026-10-02 05:26:04,6489,6489.000,6.489,3592.717,HIGH,SIMULATOR
2026-10-02 05:26:05,6490,6490.000,6.490,3592.209,HIGH,SIMULATOR
2026-10-02 05:26:06,6491,6491.000,6.491,3590.182,HIGH,SIMULATOR
2026-10-02 05:26:07,6492,6492.000,6.492,3590.252,HIGH,SIMULATOR
2026-10-02 05:26:08,6493,6493.000,6.493,3593.171,HIGH,SIMULATOR
2026-10-02 05:26:09,6494,6494.000,6.494,3591.199,HIGH,SIMULATOR
2026-10-02 05:26:10,6495,6495.000,6.495,3588.687,HIGH,SIMULATOR
2026-10-02 05:26:11,6496,6496.000,6.496,3591.356,HIGH,SIMULATOR
2026-10-02 05:26:12,6497,6497.000,6.497,3590.242,HIGH,SIMULATOR
2026-10-02 05:26:13,6498,6498.000,6.498,3584.957,HIGH,SIMULATOR
2026-10-02 05:26:14,6499,6499.000,6.499,3594.796,HIGH,SIMULATOR
2026-10-02 05:26:15,6500,6500.000,6.500,3594.773,HIGH,SIMULATOR
2026-10-02 05:26:16,6501,6501.000,6.501,3592.584,HIGH,SIMULATOR
2026-10-02 05:26:17,6502,6502.000,6.502,3592.728,HIGH,SIMULATOR
2026-10-02 05:26:18,6503,6503.000,6.503,3587.376,HIGH,SIMULATOR
2026-10-02 05:26:19,6504,6504.000,6.504,3592.728,HIGH,SIMULATOR
2026-10-02 05:26:20,6505,6505.000,6.505,3589.904,HIGH,SIMULATOR
2026-10-02 05:26:21,6506,6506.000,6.506,3592.591,HIGH,SIMULATOR
2026-10-02 05:26:22,6507,6507.000,6.507,3594.671,HIGH,SIMULATOR
2026-10-02 05:26:23,6508,6508.000,6.508,3591.816,HIGH,SIMULATOR
2026-10-02 05:26:24,6509,6509.000,6.509,3592.513,HIGH,SIMULATOR
2026-10-02 05:26:25,6510,6510.000,6.510,3594.334,HIGH,SIMULATOR
2026-10-02 05:26:26,6511,6511.000,6.511,3595.284,HIGH,SIMULATOR
2026-10-02 05:26:27,6512,6512.000,6.512,3595.523,HIGH,SIMULATOR
2026-10-02 05:26:28,6513,6513.000,6.513,3593.587,HIGH,SIMULATOR
2026-10-02 05:26:29,6514,6514.000,6.514,3594.195,HIGH,SIMULATOR
2026-10-02 05:26:30,6515,6515.000,6.515,3593.978,HIGH,SIMULATOR
2026-10-02 05:26:31,6516,6516.000,6.516,3594.320,HIGH,SIMULATOR
2026-10-02 05:26:32,6517,6517.000,6.517,3594.855,HIGH,SIMULATOR
2026-10-02 05:26:33,6518,6518.000,6.518,3594.803,HIGH,SIMULATOR
2026-10-02 05:26:34,6519,6519.000,6.519,3593.695,HIGH,SIMULATOR
2026-10-02 05:26:35,6520,6520.000,6.520,3594.920,HIGH,SIMULATOR
2026-10-02 05:26:36,6521,6521.000,6.521,3593.211,HIGH,SIMULATOR
2026-10-02 05:26:37,6522,6522.000,6.522,3593.239,HIGH,SIMULATOR
2026-10-02 05:26:38,6523,6523.000,6.523,3594.744,HIGH,SIMULATOR
2026-10-02 05:26:39,6524,6524.000,6.524,3594.560,HIGH,SIMULATOR
2026-10-02 05:26:40,6525,6525.000,6.525,3594.258,HIGH,SIMULATOR
2026-10-02 05:26:41,6526,6526.000,6.526,3594.394,HIGH,SIMULATOR
2026-10-02 05:26:42,6527,6527.000,6.527,3595.290,HIGH,SIMULATOR
2026-10-02 05:26:43,6528,6528.000,6.528,3593.645,HIGH,SIMULATOR
2026-10-02 05:26:44,6529,6529.000,6.529,3589.546,HIGH,SIMULATOR
2026-10-02 05:26:45,6530,6530.000,6.530,3593.217,HIGH,SIMULATOR
2026-10-02 05:26:46,6531,6531.000,6.531,3594.371,HIGH,SIMULATOR
2026-10-02 05:26:47,6532,6532.000,6.532,3594.503,HIGH,SIMULATOR
2026-10-02 05:26:48,6533,6533.000,6.533,3593.570,HIGH,SIMULATOR
2026-10-02 05:26:49,6534,6534.000,6.534,3591.517,HIGH,SIMULATOR
2026-10-02 05:26:50,6535,6535.000,6.535,3589.935,HIGH,SIMULATOR
2026-10-02 05:26:51,6536,6536.000,6.536,3587.547,HIGH,SIMULATOR
2026-10-02 05:26:52,6537,6537.000,6.537,3593.022,HIGH,SIMULATOR
2026-10-02 05:26:53,6538,6538.000,6.538,3593.624,HIGH,SIMULATOR
2026-10-02 05:26:54,6539,6539.000,6.539,3594.984,HIGH,SIMULATOR
2026-10-02 05:26:55,6540,6540.000,6.540,3592.466,HIGH,SIMULATOR
2026-10-02 05:26:56,6541,6541.000,6.541,3590.758,HIGH,SIMULATOR
2026-10-02 05:26:57,6542,6542.000,6.542,3589.021,HIGH,SIMULATOR
2026-10-02 05:26:58,6543,6543.000,6.543,3591.479,HIGH,SIMULATOR
2026-10-02 05:26:59,6544,6544.000,6.544,3591.215,HIGH,SIMULATOR
2026-10-02 05:27:00,6545,6545.000,6.545,3588.574,HIGH,SIMULATOR
2026-10-02 05:27:01,6546,6546.000,6.546,3590.243,HIGH,SIMULATOR
2026-10-02 05:27:02,6547,6547.000,6.547,3588.733,HIGH,SIMULATOR
2026-10-02 05:27:03,6548,6548.000,6.548,3592.153,HIGH,SIMULATOR
2026-10-02 05:27:04,6549,6549.000,6.549,3595.082,HIGH,SIMULATOR
2026-10-02 05:27:05,6550,6550.000,6.550,3595.036,HIGH,SIMULATOR
2026-10-02 05:27:06,6551,6551.000,6.551,3584.917,HIGH,SIMULATOR
2026-10-02 05:27:07,0,0.000,0.000,0.000,NORMAL,LINUX_DRIVER
2026-10-02 05:27:07,6552,6552.000,6.552,3587.669,HIGH,SIMULATOR
2026-10-02 05:27:08,6553,6553.000,6.553,3591.674,HIGH,SIMULATOR
2026-10-02 05:27:09,6554,6554.000,6.554,3593.561,HIGH,SIMULATOR
2026-10-02 05:27:10,6555,6555.000,6.555,3591.137,HIGH,SIMULATOR
2026-10-02 05:27:11,6556,6556.000,6.556,3587.574,HIGH,SIMULATOR
2026-10-02 05:27:12,6557,6557.000,6.557,3590.462,HIGH,SIMULATOR
2026-10-02 05:27:13,6558,6558.000,6.558,3589.305,HIGH,SIMULATOR
2026-10-02 05:27:14,6559,6559.000,6.559,3586.969,HIGH,SIMULATOR
2026-10-02 05:27:15,6560,6560.000,6.560,3589.467,HIGH,SIMULATOR
2026-10-02 05:27:16,6561,6561.000,6.561,3593.700,HIGH,SIMULATOR
2026-10-02 05:27:17,6562,6562.000,6.562,3589.691,HIGH,SIMULATOR
2026-10-02 05:27:18,6563,6563.000,6.563,3594.732,HIGH,SIMULATOR
2026-10-02 05:27:19,6564,6564.000,6.564,3594.043,HIGH,SIMULATOR
2026-10-02 05:27:20,6565,6565.000,6.565,3587.999,HIGH,SIMULATOR
2026-10-02 05:27:21,6566,6566.000,6.566,3588.080,HIGH,SIMULATOR
2026-10-02 05:27:22,6567,6567.000,6.567,3588.210,HIGH,SIMULATOR
2026-10-02 05:27:23,6568,6568.000,6.568,3593.677,HIGH,SIMULATOR
2026-10-02 05:27:24,6569,6569.000,6.569,3588.212,HIGH,SIMULATOR
2026-10-02 05:27:25,6570,6570.000,6.570,3588.283,HIGH,SIMULATOR
2026-10-02 05:27:26,6571,6571.000,6.571,3594.584,HIGH,SIMULATOR
2026-10-02 05:27:27,6572,6572.000,6.572,3594.871,HIGH,SIMULATOR
2026-10-02 05:27:28,6573,6573.000,6.573,3591.993,HIGH,SIMULATOR
2026-10-02 05:27:29,6574,6574.000,6.574,3591.405,HIGH,SIMULATOR
2026-10-02 05:27:30,6575,6575.000,6.575,3583.968,HIGH,SIMULATOR
2026-10-02 05:27:31,6576,6576.000,6.576,3595.598,HIGH,SIMULATOR
2026-10-02 05:27:32,6577,6577.000,6.577,3592.873,HIGH,SIMULATOR
2026-10-02 05:27:33,6578,6578.000,6.578,3593.908,HIGH,SIMULATOR
2026-10-02 05:27:34,6579,6579.000,6.579,3587.865,HIGH,SIMULATOR
2026-10-02 05:27:35,6590,6590.000,6.590,39542.619,HIGH,SIMULATOR
2026-10-02 05:27:36,6591,6591.000,6.591,3591.236,HIGH,SIMULATOR
2026-10-02 05:27:37,6592,6592.000,6.592,3592.310,HIGH,SIMULATOR
2026-10-02 05:27:39,6593,6593.000,6.593,3592.255,HIGH,SIMULATOR
2026-10-02 05:27:40,6594,6594.000,6.594,3594.774,HIGH,SIMULATOR
2026-10-02 05:27:41,6595,6595.000,6.595,3592.085,HIGH,SIMULATOR
2026-10-02 05:27:42,6596,6596.000,6.596,3593.612,HIGH,SIMULATOR
2026-10-02 05:27:43,6597,6597.000,6.597,3590.310,HIGH,SIMULATOR
2026-10-02 05:27:44,6598,6598.000,6.598,3580.091,HIGH,SIMULATOR
2026-10-02 05:27:45,6599,6599.000,6.599,3591.923,HIGH,SIMULATOR
2026-10-02 05:27:46,6600,6600.000,6.600,3589.457,HIGH,SIMULATOR
2026-10-02 05:27:47,6601,6601.000,6.601,3593.286,HIGH,SIMULATOR
2026-10-02 05:27:48,6602,6602.000,6.602,3594.119,HIGH,SIMULATOR
2026-10-02 05:27:49,6603,6603.000,6.603,3592.994,HIGH,SIMULATOR
2026-10-02 05:27:50,6604,6604.000,6.604,3590.126,HIGH,SIMULATOR
2026-10-02 05:27:51,6605,6605.000,6.605,3593.895,HIGH,SIMULATOR
2026-10-02 05:27:52,6606,6606.000,6.606,3591.191,HIGH,SIMULATOR
2026-10-02 05:27:53,6607,6607.000,6.607,3595.728,HIGH,SIMULATOR
2026-10-02 05:27:54,6608,6608.000,6.608,3590.372,HIGH,SIMULATOR
2026-10-02 05:27:55,6609,6609.000,6.609,3589.983,HIGH,SIMULATOR
2026-10-02 05:27:56,6610,6610.000,6.610,3590.967,HIGH,SIMULATOR
2026-10-02 05:27:57,6611,6611.000,6.611,3586.596,HIGH,SIMULATOR
2026-10-02 05:27:58,6612,6612.000,6.612,3591.416,HIGH,SIMULATOR
2026-10-02 05:27:59,6613,6613.000,6.613,3593.998,HIGH,SIMULATOR
2026-10-02 05:28:00,6614,6614.000,6.614,3594.285,HIGH,SIMULATOR
2026-10-02 05:28:01,6615,6615.000,6.615,3595.173,HIGH,SIMULATOR
2026-10-02 05:28:02,6616,6616.000,6.616,3594.098,HIGH,SIMULATOR
2026-10-02 05:28:03,6617,6617.000,6.617,3593.782,HIGH,SIMULATOR
2026-10-02 05:28:04,6618,6618.000,6.618,3592.189,HIGH,SIMULATOR
2026-10-02 05:28:05,6619,6619.000,6.619,3588.128,HIGH,SIMULATOR
2026-10-02 05:28:06,6620,6620.000,6.620,3593.406,HIGH,SIMULATOR
2026-10-02 05:28:07,6621,6621.000,6.621,3594.737,HIGH,SIMULATOR
2026-10-02 05:28:08,6622,6622.000,6.622,3595.028,HIGH,SIMULATOR
2026-10-02 05:28:09,6623,6623.000,6.623,3594.916,HIGH,SIMULATOR
2026-10-02 05:28:10,6624,6624.000,6.624,3593.781,HIGH,SIMULATOR
2026-10-02 05:28:11,6625,6625.000,6.625,3594.263,HIGH,SIMULATOR
2026-10-02 05:28:12,6626,6626.000,6.626,3593.926,HIGH,SIMULATOR
2026-10-02 05:28:13,6627,6627.000,6.627,3594.986,HIGH,SIMULATOR
2026-10-02 05:28:14,6628,6628.000,6.628,3595.087,HIGH,SIMULATOR
2026-10-02 05:28:15,6629,6629.000,6.629,3589.399,HIGH,SIMULATOR
2026-10-02 05:28:16,6630,6630.000,6.630,3594.671,HIGH,SIMULATOR
2026-10-02 05:28:17,6631,6631.000,6.631,3595.119,HIGH,SIMULATOR
2026-10-02 05:28:18,6632,6632.000,6.632,3592.650,HIGH,SIMULATOR
2026-10-02 05:28:19,6633,6633.000,6.633,3580.928,HIGH,SIMULATOR
2026-10-02 05:28:20,6634,6634.000,6.634,3587.662,HIGH,SIMULATOR
2026-10-02 05:28:21,6635,6635.000,6.635,3586.861,HIGH,SIMULATOR
2026-10-02 05:28:22,6636,6636.000,6.636,3592.723,HIGH,SIMULATOR
2026-10-02 05:28:23,6637,6637.000,6.637,3592.046,HIGH,SIMULATOR
2026-10-02 05:28:24,6638,6638.000,6.638,3594.585,HIGH,SIMULATOR
2026-10-02 05:28:25,6639,6639.000,6.639,3589.216,HIGH,SIMULATOR
2026-10-02 05:28:26,6640,6640.000,6.640,3594.721,HIGH,SIMULATOR
2026-10-02 05:28:27,6641,6641.000,6.641,3573.179,HIGH,SIMULATOR
2026-10-02 05:28:28,6642,6642.000,6.642,3593.219,HIGH,SIMULATOR
2026-10-02 05:28:29,6643,6643.000,6.643,3591.718,HIGH,SIMULATOR
2026-10-02 05:28:30,6644,6644.000,6.644,3589.975,HIGH,SIMULATOR
2026-10-02 05:28:31,6645,6645.000,6.645,3593.835,HIGH,SIMULATOR
2026-10-02 05:28:32,6646,6646.000,6.646,3594.694,HIGH,SIMULATOR
2026-10-02 05:28:33,6647,6647.000,6.647,3594.825,HIGH,SIMULATOR
2026-10-02 05:28:34,6648,6648.000,6.648,3593.692,HIGH,SIMULATOR
2026-10-02 05:28:35,6649,6649.000,6.649,3595.141,HIGH,SIMULATOR
2026-10-02 05:28:36,6650,6650.000,6.650,3595.403,HIGH,SIMULATOR
2026-10-02 05:28:37,6651,6651.000,6.651,3594.943,HIGH,SIMULATOR
2026-10-02 05:28:38,6652,6652.000,6.652,3593.433,HIGH,SIMULATOR
2026-10-02 05:28:39,6653,6653.000,6.653,3590.367,HIGH,SIMULATOR
2026-10-02 05:28:40,6654,6654.000,6.654,3592.196,HIGH,SIMULATOR
2026-10-02 05:28:41,6655,6655.000,6.655,3593.827,HIGH,SIMULATOR
2026-10-02 05:28:42,6656,6656.000,6.656,3590.538,HIGH,SIMULATOR
2026-10-02 05:28:43,6657,6657.000,6.657,3595.013,HIGH,SIMULATOR
2026-10-02 05:28:44,6658,6658.000,6.658,3594.082,HIGH,SIMULATOR
2026-10-02 05:28:45,6659,6659.000,6.659,3592.859,HIGH,SIMULATOR
2026-10-02 05:28:46,6660,6660.000,6.660,3592.027,HIGH,SIMULATOR
2026-10-02 05:28:47,6661,6661.000,6.661,3582.603,HIGH,SIMULATOR
2026-10-02 05:28:48,6662,6662.000,6.662,3593.667,HIGH,SIMULATOR
2026-10-02 05:28:49,6663,6663.000,6.663,3592.547,HIGH,SIMULATOR
2026-10-02 05:28:50,6664,6664.000,6.664,3590.137,HIGH,SIMULATOR
2026-10-02 05:28:51,6665,6665.000,6.665,3588.864,HIGH,SIMULATOR
2026-10-02 05:28:52,6666,6666.000,6.666,3588.338,HIGH,SIMULATOR
2026-10-02 05:28:53,6667,6667.000,6.667,3595.214,HIGH,SIMULATOR
2026-10-02 05:28:54,6668,6668.000,6.668,3592.858,HIGH,SIMULATOR
2026-10-02 05:28:55,6669,6669.000,6.669,3592.975,HIGH,SIMULATOR
2026-10-02 05:28:56,6670,6670.000,6.670,3569.713,HIGH,SIMULATOR
2026-10-02 05:28:57,6671,6671.000,6.671,3587.439,HIGH,SIMULATOR
2026-10-02 05:28:58,6672,6672.000,6.672,3592.622,HIGH,SIMULATOR
2026-10-02 05:28:59,6673,6673.000,6.673,3588.507,HIGH,SIMULATOR
2026-10-02 05:29:00,6674,6674.000,6.674,3588.830,HIGH,SIMULATOR
2026-10-02 05:29:01,6675,6675.000,6.675,3585.090,HIGH,SIMULATOR
2026-10-02 05:29:02,6676,6676.000,6.676,3591.884,HIGH,SIMULATOR
2026-10-02 05:29:03,6677,6677.000,6.677,3592.902,HIGH,SIMULATOR
2026-10-02 05:29:04,6678,6678.000,6.678,3592.475,HIGH,SIMULATOR
2026-10-02 05:29:05,6679,6679.000,6.679,3592.163,HIGH,SIMULATOR
2026-10-02 05:29:06,6680,6680.000,6.680,3587.758,HIGH,SIMULATOR
2026-10-02 05:29:07,6681,6681.000,6.681,3581.256,HIGH,SIMULATOR
2026-10-02 05:29:08,6682,6682.000,6.682,3590.769,HIGH,SIMULATOR
2026-10-02 05:29:09,6683,6683.000,6.683,3588.625,HIGH,SIMULATOR
2026-10-02 05:29:10,6684,6684.000,6.684,3590.600,HIGH,SIMULATOR
2026-10-02 05:29:11,6685,6685.000,6.685,3590.198,HIGH,SIMULATOR
2026-10-02 05:29:12,6686,6686.000,6.686,3590.351,HIGH,SIMULATOR
2026-10-02 05:29:13,6687,6687.000,6.687,3590.744,HIGH,SIMULATOR
2026-10-02 05:29:14,6688,6688.000,6.688,3590.927,HIGH,SIMULATOR
2026-10-02 05:29:15,6689,6689.000,6.689,3567.846,HIGH,SIMULATOR
2026-10-02 05:29:16,6690,6690.000,6.690,3593.100,HIGH,SIMULATOR
2026-10-02 05:29:17,6691,6691.000,6.691,3589.686,HIGH,SIMULATOR
2026-10-02 05:29:18,6692,6692.000,6.692,3595.049,HIGH,SIMULATOR
2026-10-02 05:29:19,6693,6693.000,6.693,3594.537,HIGH,SIMULATOR
2026-10-02 05:29:20,6694,6694.000,6.694,3593.321,HIGH,SIMULATOR
2026-10-02 05:29:21,6695,6695.000,6.695,3593.264,HIGH,SIMULATOR
2026-10-02 05:29:22,6696,6696.000,6.696,3587.540,HIGH,SIMULATOR
2026-10-02 05:32:12,591,591.000,0.591,3599.179,HIGH,SIMULATOR
2026-10-02 05:32:13,592,592.000,0.592,3587.839,HIGH,SIMULATOR
2026-10-02 05:32:14,593,593.000,0.593,3588.698,HIGH,SIMULATOR
2026-10-02 05:32:15,594,594.000,0.594,3589.158,HIGH,SIMULATOR
2026-10-02 05:32:16,595,595.000,0.595,3594.681,HIGH,SIMULATOR
2026-10-02 05:32:17,596,596.000,0.596,3591.512,HIGH,SIMULATOR
2026-10-02 05:32:18,597,597.000,0.597,3590.872,HIGH,SIMULATOR
2026-10-02 05:32:19,598,598.000,0.598,3591.995,HIGH,SIMULATOR
2026-10-02 05:32:20,599,599.000,0.599,3588.364,HIGH,SIMULATOR
2026-10-02 05:32:21,600,600.000,0.600,3590.633,HIGH,SIMULATOR
2026-10-02 05:32:22,601,601.000,0.601,3586.282,HIGH,SIMULATOR
2026-10-02 05:32:23,602,602.000,0.602,3590.203,HIGH,SIMULATOR
2026-10-02 05:32:24,603,603.000,0.603,3590.031,HIGH,SIMULATOR
2026-10-02 05:32:25,604,604.000,0.604,3585.991,HIGH,SIMULATOR
2026-10-02 05:32:26,605,605.000,0.605,3593.879,HIGH,SIMULATOR
2026-10-02 05:32:27,606,606.000,0.606,3591.960,HIGH,SIMULATOR
2026-10-02 05:32:28,607,607.000,0.607,3585.961,HIGH,SIMULATOR
2026-10-02 05:32:29,608,608.000,0.608,3591.184,HIGH,SIMULATOR
2026-10-02 05:32:30,609,609.000,0.609,3589.364,HIGH,SIMULATOR
2026-10-02 05:32:31,610,610.000,0.610,3587.678,HIGH,SIMULATOR
2026-10-02 05:32:32,611,611.000,0.611,3594.027,HIGH,SIMULATOR
2026-10-02 05:32:33,612,612.000,0.612,3592.794,HIGH,SIMULATOR
2026-10-02 05:32:34,613,613.000,0.613,3595.545,HIGH,SIMULATOR
2026-10-02 05:32:35,614,614.000,0.614,3591.415,HIGH,SIMULATOR
2026-10-02 05:32:36,615,615.000,0.615,3590.537,HIGH,SIMULATOR
2026-10-02 05:32:37,616,616.000,0.616,3590.837,HIGH,SIMULATOR
2026-10-02 05:32:38,617,617.000,0.617,3590.700,HIGH,SIMULATOR
2026-10-02 05:32:39,618,618.000,0.618,3588.847,HIGH,SIMULATOR
2026-10-02 05:32:40,619,619.000,0.619,3588.098,HIGH,SIMULATOR
2026-10-02 05:32:41,620,620.000,0.620,3595.727,HIGH,SIMULATOR
2026-10-02 05:32:42,621,621.000,0.621,3592.748,HIGH,SIMULATOR
2026-10-02 05:32:43,622,622.000,0.622,3590.955,HIGH,SIMULATOR
2026-10-02 05:32:44,623,623.000,0.623,3589.040,HIGH,SIMULATOR
2026-10-02 05:32:45,624,624.000,0.624,3591.323,HIGH,SIMULATOR
2026-10-02 05:32:46,625,625.000,0.625,3591.368,HIGH,SIMULATOR
2026-10-02 05:32:47,626,626.000,0.626,3592.528,HIGH,SIMULATOR
2026-10-02 05:32:48,627,627.000,0.627,3592.188,HIGH,SIMULATOR
2026-10-02 05:32:49,628,628.000,0.628,3594.544,HIGH,SIMULATOR
2026-10-02 05:32:50,629,629.000,0.629,3593.453,HIGH,SIMULATOR
2026-10-02 05:32:51,630,630.000,0.630,3594.143,HIGH,SIMULATOR
2026-10-02 05:32:52,631,631.000,0.631,3589.780,HIGH,SIMULATOR
2026-10-02 05:32:53,632,632.000,0.632,3594.097,HIGH,SIMULATOR
2026-10-02 05:32:54,633,633.000,0.633,3590.663,HIGH,SIMULATOR
2026-10-02 05:32:55,634,634.000,0.634,3582.262,HIGH,SIMULATOR
2026-10-02 05:32:56,635,635.000,0.635,3592.911,HIGH,SIMULATOR
2026-10-02 05:32:57,636,636.000,0.636,3592.088,HIGH,SIMULATOR
2026-10-02 05:32:58,637,637.000,0.637,3591.798,HIGH,SIMULATOR
2026-10-02 05:32:59,638,638.000,0.638,3592.274,HIGH,SIMULATOR
2026-10-02 05:33:00,639,639.000,0.639,3590.229,HIGH,SIMULATOR
2026-10-02 05:33:01,640,640.000,0.640,3588.517,HIGH,SIMULATOR
2026-10-02 05:33:02,641,641.000,0.641,3584.980,HIGH,SIMULATOR
2026-10-02 05:33:03,642,642.000,0.642,3589.479,HIGH,SIMULATOR
2026-10-02 05:33:04,643,643.000,0.643,3591.234,HIGH,SIMULATOR
2026-10-02 05:33:05,644,644.000,0.644,3592.465,HIGH,SIMULATOR
2026-10-02 05:33:06,645,645.000,0.645,3592.798,HIGH,SIMULATOR
2026-10-02 05:33:07,646,646.000,0.646,3595.276,HIGH,SIMULATOR
2026-10-02 05:33:08,647,647.000,0.647,3515.745,HIGH,SIMULATOR
2026-10-02 05:33:09,648,648.000,0.648,3594.798,HIGH,SIMULATOR
2026-10-02 05:33:10,649,649.000,0.649,3596.023,HIGH,SIMULATOR
2026-10-02 05:33:11,650,650.000,0.650,3594.756,HIGH,SIMULATOR
2026-10-02 05:33:12,651,651.000,0.651,3593.536,HIGH,SIMULATOR
2026-10-02 05:33:13,652,652.000,0.652,3592.158,HIGH,SIMULATOR
2026-10-02 05:33:14,653,653.000,0.653,3595.424,HIGH,SIMULATOR
2026-10-02 05:33:15,654,654.000,0.654,3594.032,HIGH,SIMULATOR
2026-10-02 05:33:16,655,655.000,0.655,3590.161,HIGH,SIMULATOR
2026-10-02 05:33:17,656,656.000,0.656,3593.500,HIGH,SIMULATOR
2026-10-02 05:33:18,657,657.000,0.657,3592.081,HIGH,SIMULATOR
2026-10-02 05:33:19,658,658.000,0.658,3591.854,HIGH,SIMULATOR
2026-10-02 05:33:20,659,659.000,0.659,3591.861,HIGH,SIMULATOR
2026-10-02 05:33:21,660,660.000,0.660,3592.349,HIGH,SIMULATOR
2026-10-02 05:33:22,661,661.000,0.661,3591.201,HIGH,SIMULATOR
2026-10-02 05:33:23,662,662.000,0.662,3589.118,HIGH,SIMULATOR
2026-10-02 05:33:24,663,663.000,0.663,3591.722,HIGH,SIMULATOR
2026-10-02 05:33:25,664,664.000,0.664,3589.801,HIGH,SIMULATOR
2026-10-02 05:33:26,665,665.000,0.665,3588.148,HIGH,SIMULATOR
2026-10-02 05:33:27,666,666.000,0.666,3591.714,HIGH,SIMULATOR
2026-10-02 05:33:28,667,667.000,0.667,3590.279,HIGH,SIMULATOR
2026-10-02 05:33:29,668,668.000,0.668,3592.658,HIGH,SIMULATOR
2026-10-02 05:33:30,669,669.000,0.669,3588.616,HIGH,SIMULATOR
2026-10-02 05:33:31,670,670.000,0.670,3593.807,HIGH,SIMULATOR
2026-10-02 05:33:32,671,671.000,0.671,3593.794,HIGH,SIMULATOR
2026-10-02 05:33:33,672,672.000,0.672,3594.650,HIGH,SIMULATOR
2026-10-02 05:33:34,673,673.000,0.673,3593.911,HIGH,SIMULATOR
2026-10-02 05:33:35,674,674.000,0.674,3595.751,HIGH,SIMULATOR
2026-10-02 05:33:36,675,675.000,0.675,3594.077,HIGH,SIMULATOR
2026-10-02 05:33:37,676,676.000,0.676,3591.071,HIGH,SIMULATOR
2026-10-02 05:33:38,677,677.000,0.677,3590.742,HIGH,SIMULATOR
2026-10-02 05:33:39,678,678.000,0.678,3593.932,HIGH,SIMULATOR
2026-10-02 05:33:40,679,679.000,0.679,3593.674,HIGH,SIMULATOR
2026-10-02 05:33:41,680,680.000,0.680,3594.305,HIGH,SIMULATOR
2026-10-02 05:33:42,681,681.000,0.681,3594.209,HIGH,SIMULATOR
2026-10-02 05:33:43,682,682.000,0.682,3592.698,HIGH,SIMULATOR
2026-10-02 05:33:44,683,683.000,0.683,3591.055,HIGH,SIMULATOR
2026-10-02 05:33:45,684,684.000,0.684,3592.866,HIGH,SIMULATOR
2026-10-02 05:33:46,685,685.000,0.685,3593.873,HIGH,SIMULATOR
2026-10-02 05:33:47,686,686.000,0.686,3588.227,HIGH,SIMULATOR
2026-10-02 05:33:48,687,687.000,0.687,3591.546,HIGH,SIMULATOR
2026-10-02 05:33:49,688,688.000,0.688,3594.283,HIGH,SIMULATOR
2026-10-02 05:33:50,689,689.000,0.689,3593.610,HIGH,SIMULATOR
2026-10-02 05:33:51,690,690.000,0.690,3595.435,HIGH,SIMULATOR
2026-10-02 05:33:52,691,691.000,0.691,3594.495,HIGH,SIMULATOR
2026-10-02 05:33:53,692,692.000,0.692,3590.730,HIGH,SIMULATOR
2026-10-02 05:33:54,693,693.000,0.693,3588.207,HIGH,SIMULATOR
2026-10-02 05:33:55,694,694.000,0.694,3579.439,HIGH,SIMULATOR
2026-10-02 05:33:56,695,695.000,0.695,3588.650,HIGH,SIMULATOR
2026-10-02 05:33:57,696,696.000,0.696,3589.674,HIGH,SIMULATOR
2026-10-02 05:33:58,697,697.000,0.697,3590.748,HIGH,SIMULATOR
2026-10-02 05:33:59,698,698.000,0.698,3591.512,HIGH,SIMULATOR
2026-10-02 05:34:00,699,699.000,0.699,3594.245,HIGH,SIMULATOR
2026-10-02 05:34:01,700,700.000,0.700,3593.611,HIGH,SIMULATOR
2026-10-02 05:34:02,701,701.000,0.701,3594.229,HIGH,SIMULATOR
2026-10-02 05:34:03,702,702.000,0.702,3591.921,HIGH,SIMULATOR
2026-10-02 05:34:04,703,703.000,0.703,3590.723,HIGH,SIMULATOR
2026-10-02 05:34:05,704,704.000,0.704,3592.680,HIGH,SIMULATOR
2026-10-02 05:34:06,705,705.000,0.705,3592.384,HIGH,SIMULATOR
2026-10-02 05:34:07,706,706.000,0.706,3586.656,HIGH,SIMULATOR
2026-10-02 05:34:08,707,707.000,0.707,3592.352,HIGH,SIMULATOR
2026-10-02 05:34:09,708,708.000,0.708,3589.728,HIGH,SIMULATOR
2026-10-02 05:34:10,709,709.000,0.709,3594.110,HIGH,SIMULATOR
2026-10-02 05:34:11,710,710.000,0.710,3538.642,HIGH,SIMULATOR
2026-10-02 05:34:12,711,711.000,0.711,3556.997,HIGH,SIMULATOR
2026-10-02 05:34:13,712,712.000,0.712,3592.757,HIGH,SIMULATOR
2026-10-02 05:34:14,713,713.000,0.713,3552.376,HIGH,SIMULATOR
2026-10-02 05:34:15,714,714.000,0.714,3593.031,HIGH,SIMULATOR
2026-10-02 05:34:16,715,715.000,0.715,3591.502,HIGH,SIMULATOR
2026-10-02 05:34:17,716,716.000,0.716,3588.358,HIGH,SIMULATOR
2026-10-02 05:34:18,717,717.000,0.717,3593.307,HIGH,SIMULATOR
2026-10-02 05:34:19,718,718.000,0.718,3593.059,HIGH,SIMULATOR
2026-10-02 05:34:20,719,719.000,0.719,3591.507,HIGH,SIMULATOR
2026-10-02 05:34:31,591,591.000,0.591,3598.799,HIGH,SIMULATOR
2026-10-02 05:34:32,592,592.000,0.592,3587.887,HIGH,SIMULATOR
2026-10-02 05:34:33,593,593.000,0.593,3590.927,HIGH,SIMULATOR
2026-10-02 05:34:34,594,594.000,0.594,3591.567,HIGH,SIMULATOR
2026-10-02 05:34:35,595,595.000,0.595,3592.906,HIGH,SIMULATOR
2026-10-02 05:34:36,596,596.000,0.596,3590.725,HIGH,SIMULATOR
2026-10-02 05:34:37,597,597.000,0.597,3590.441,HIGH,SIMULATOR
2026-10-02 05:34:38,598,598.000,0.598,3591.675,HIGH,SIMULATOR
2026-10-02 05:34:39,599,599.000,0.599,3592.713,HIGH,SIMULATOR
2026-10-02 05:34:40,600,600.000,0.600,3591.941,HIGH,SIMULATOR
2026-10-02 05:34:41,601,601.000,0.601,3593.313,HIGH,SIMULATOR
2026-10-02 05:34:42,602,602.000,0.602,3592.696,HIGH,SIMULATOR
2026-10-02 05:34:43,603,603.000,0.603,3593.128,HIGH,SIMULATOR
2026-10-02 05:34:44,604,604.000,0.604,3577.983,HIGH,SIMULATOR
2026-10-02 05:34:45,605,605.000,0.605,3591.055,HIGH,SIMULATOR
2026-10-02 05:34:46,606,606.000,0.606,3587.141,HIGH,SIMULATOR
2026-10-02 05:34:47,607,607.000,0.607,3591.614,HIGH,SIMULATOR
2026-10-02 05:34:48,608,608.000,0.608,3536.064,HIGH,SIMULATOR
2026-10-02 05:34:49,609,609.000,0.609,3594.555,HIGH,SIMULATOR
2026-10-02 05:34:50,610,610.000,0.610,3592.952,HIGH,SIMULATOR
2026-10-02 05:34:51,611,611.000,0.611,3579.772,HIGH,SIMULATOR
2026-10-02 05:34:52,612,612.000,0.612,3593.162,HIGH,SIMULATOR
2026-10-02 05:34:53,613,613.000,0.613,3591.989,HIGH,SIMULATOR
2026-10-02 05:34:54,614,614.000,0.614,3596.309,HIGH,SIMULATOR
2026-10-02 05:34:55,615,615.000,0.615,3592.825,HIGH,SIMULATOR
2026-10-02 05:34:56,616,616.000,0.616,3589.253,HIGH,SIMULATOR
2026-10-02 05:34:57,617,617.000,0.617,3585.429,HIGH,SIMULATOR
2026-10-02 05:34:58,618,618.000,0.618,3591.966,HIGH,SIMULATOR
2026-10-02 05:34:59,619,619.000,0.619,3594.104,HIGH,SIMULATOR
2026-10-02 05:35:00,620,620.000,0.620,3589.902,HIGH,SIMULATOR
2026-10-02 05:35:01,621,621.000,0.621,3591.715,HIGH,SIMULATOR
2026-10-02 05:35:02,622,622.000,0.622,3595.198,HIGH,SIMULATOR
2026-10-02 05:35:03,623,623.000,0.623,3591.619,HIGH,SIMULATOR
2026-10-02 05:35:04,624,624.000,0.624,3592.870,HIGH,SIMULATOR
2026-10-02 05:35:05,625,625.000,0.625,3591.504,HIGH,SIMULATOR
2026-10-02 05:35:06,626,626.000,0.626,3591.773,HIGH,SIMULATOR
2026-10-02 05:35:07,627,627.000,0.627,3590.803,HIGH,SIMULATOR
2026-10-02 05:35:08,628,628.000,0.628,3588.079,HIGH,SIMULATOR
2026-10-02 05:35:09,629,629.000,0.629,3592.106,HIGH,SIMULATOR
2026-10-02 05:35:10,630,630.000,0.630,3590.979,HIGH,SIMULATOR
2026-10-02 05:35:11,631,631.000,0.631,3589.364,HIGH,SIMULATOR
2026-10-02 05:35:12,632,632.000,0.632,3589.706,HIGH,SIMULATOR
2026-10-02 05:35:13,633,633.000,0.633,3591.573,HIGH,SIMULATOR
2026-10-02 05:35:15,634,634.000,0.634,3591.468,HIGH,SIMULATOR
2026-10-02 05:35:16,635,635.000,0.635,3591.128,HIGH,SIMULATOR
2026-10-02 05:35:17,636,636.000,0.636,3589.218,HIGH,SIMULATOR
2026-10-02 05:35:18,637,637.000,0.637,3594.103,HIGH,SIMULATOR
2026-10-02 05:35:19,638,638.000,0.638,3594.608,HIGH,SIMULATOR
2026-10-02 05:35:20,639,639.000,0.639,3594.971,HIGH,SIMULATOR
2026-10-02 05:35:21,640,640.000,0.640,3591.632,HIGH,SIMULATOR
2026-10-02 05:35:22,641,641.000,0.641,3592.500,HIGH,SIMULATOR
2026-10-02 05:35:23,642,642.000,0.642,3591.323,HIGH,SIMULATOR
2026-10-02 05:35:24,643,643.000,0.643,3594.900,HIGH,SIMULATOR
2026-10-02 05:35:25,644,644.000,0.644,3591.268,HIGH,SIMULATOR
2026-10-02 05:35:26,645,645.000,0.645,3592.347,HIGH,SIMULATOR
2026-10-02 05:35:27,646,646.000,0.646,3592.029,HIGH,SIMULATOR
2026-10-02 05:35:28,647,647.000,0.647,3590.517,HIGH,SIMULATOR
2026-10-02 05:35:29,648,648.000,0.648,3592.193,HIGH,SIMULATOR
2026-10-02 05:35:30,649,649.000,0.649,3587.237,HIGH,SIMULATOR
2026-10-02 05:35:31,650,650.000,0.650,3590.047,HIGH,SIMULATOR
2026-10-02 05:35:32,651,651.000,0.651,3592.914,HIGH,SIMULATOR
2026-10-02 05:35:33,652,652.000,0.652,3592.438,HIGH,SIMULATOR
2026-10-02 05:35:34,653,653.000,0.653,3589.598,HIGH,SIMULATOR
2026-10-02 05:35:35,654,654.000,0.654,3591.817,HIGH,SIMULATOR
2026-10-02 05:35:36,655,655.000,0.655,3594.551,HIGH,SIMULATOR
2026-10-02 05:35:37,656,656.000,0.656,3594.243,HIGH,SIMULATOR
2026-10-02 05:35:38,657,657.000,0.657,3551.296,HIGH,SIMULATOR
2026-10-02 05:35:39,658,658.000,0.658,3595.283,HIGH,SIMULATOR
2026-10-02 05:35:40,659,659.000,0.659,3592.437,HIGH,SIMULATOR
2026-10-02 05:35:41,660,660.000,0.660,3593.020,HIGH,SIMULATOR
2026-10-02 05:35:42,661,661.000,0.661,3592.286,HIGH,SIMULATOR
2026-10-02 05:35:43,662,662.000,0.662,3595.612,HIGH,SIMULATOR
2026-10-02 05:35:44,663,663.000,0.663,3593.311,HIGH,SIMULATOR
2026-10-02 05:35:45,664,664.000,0.664,3594.338,HIGH,SIMULATOR
2026-10-02 05:35:46,665,665.000,0.665,3594.604,HIGH,SIMULATOR
2026-10-02 05:35:47,666,666.000,0.666,3595.118,HIGH,SIMULATOR
2026-10-02 05:35:48,667,667.000,0.667,3594.925,HIGH,SIMULATOR
2026-10-02 05:35:49,668,668.000,0.668,3594.794,HIGH,SIMULATOR
2026-10-02 05:35:50,669,669.000,0.669,3592.440,HIGH,SIMULATOR
2026-10-02 05:35:51,670,670.000,0.670,3589.623,HIGH,SIMULATOR
2026-10-02 05:35:52,671,671.000,0.671,3590.190,HIGH,SIMULATOR
2026-10-02 05:35:53,672,672.000,0.672,3590.500,HIGH,SIMULATOR
2026-10-02 05:35:54,673,673.000,0.673,3589.972,HIGH,SIMULATOR
2026-10-02 05:35:55,674,674.000,0.674,3589.488,HIGH,SIMULATOR
2026-10-02 05:35:56,675,675.000,0.675,3592.925,HIGH,SIMULATOR
2026-10-02 05:35:57,676,676.000,0.676,3591.612,HIGH,SIMULATOR
2026-10-02 05:35:58,677,677.000,0.677,3591.923,HIGH,SIMULATOR
2026-10-02 05:35:59,678,678.000,0.678,3591.222,HIGH,SIMULATOR
2026-10-02 05:36:00,679,679.000,0.679,3592.440,HIGH,SIMULATOR
2026-10-02 05:36:01,680,680.000,0.680,3588.950,HIGH,SIMULATOR
2026-10-02 05:36:02,681,681.000,0.681,3591.957,HIGH,SIMULATOR
2026-10-02 05:36:03,682,682.000,0.682,3593.321,HIGH,SIMULATOR
2026-10-02 05:36:04,683,683.000,0.683,3591.186,HIGH,SIMULATOR
2026-10-02 05:36:05,684,684.000,0.684,3591.082,HIGH,SIMULATOR
2026-10-02 05:36:06,685,685.000,0.685,3594.796,HIGH,SIMULATOR
2026-10-02 05:36:07,686,686.000,0.686,3595.205,HIGH,SIMULATOR
2026-10-02 05:36:08,687,687.000,0.687,3591.417,HIGH,SIMULATOR
2026-10-02 05:36:09,688,688.000,0.688,3591.073,HIGH,SIMULATOR
2026-10-02 05:36:10,689,689.000,0.689,3590.978,HIGH,SIMULATOR
2026-10-02 05:36:11,690,690.000,0.690,3589.608,HIGH,SIMULATOR
2026-10-02 05:36:12,691,691.000,0.691,3520.076,HIGH,SIMULATOR
2026-10-02 05:36:13,692,692.000,0.692,3594.131,HIGH,SIMULATOR
2026-10-02 05:36:14,693,693.000,0.693,3589.547,HIGH,SIMULATOR
2026-10-02 05:36:15,694,694.000,0.694,3591.817,HIGH,SIMULATOR
2026-10-02 05:36:16,695,695.000,0.695,3592.021,HIGH,SIMULATOR
2026-10-02 05:36:17,696,696.000,0.696,3592.865,HIGH,SIMULATOR
2026-10-02 05:36:18,697,697.000,0.697,3594.780,HIGH,SIMULATOR
2026-10-02 05:36:19,698,698.000,0.698,3595.974,HIGH,SIMULATOR
2026-10-02 05:36:20,699,699.000,0.699,3592.318,HIGH,SIMULATOR
2026-10-02 05:36:21,700,700.000,0.700,3590.808,HIGH,SIMULATOR
2026-10-02 05:36:22,701,701.000,0.701,3591.148,HIGH,SIMULATOR
2026-10-02 05:36:23,702,702.000,0.702,3594.690,HIGH,SIMULATOR
2026-10-02 05:36:24,703,703.000,0.703,3593.557,HIGH,SIMULATOR
2026-10-02 05:36:25,704,704.000,0.704,3594.259,HIGH,SIMULATOR
2026-10-02 05:36:26,705,705.000,0.705,3595.178,HIGH,SIMULATOR
2026-10-02 05:36:27,706,706.000,0.706,3595.133,HIGH,SIMULATOR
2026-10-02 05:36:28,707,707.000,0.707,3594.287,HIGH,SIMULATOR
2026-10-02 05:36:29,708,708.000,0.708,3596.208,HIGH,SIMULATOR
2026-10-02 05:36:30,709,709.000,0.709,3596.712,HIGH,SIMULATOR
2026-10-02 05:36:31,710,710.000,0.710,3592.297,HIGH,SIMULATOR
2026-10-02 05:36:32,711,711.000,0.711,3590.148,HIGH,SIMULATOR
2026-10-02 05:36:33,712,712.000,0.712,3589.726,HIGH,SIMULATOR
2026-10-02 05:37:17,0,0.000,0.000,0.000,NORMAL,LINUX_DRIVER
2026-10-02 05:37:18,0,0.000,0.000,0.000,NORMAL,LINUX_DRIVER
2026-10-02 05:37:19,0,0.000,0.000,0.000,NORMAL,LINUX_DRIVER
2026-10-02 05:37:20,0,0.000,0.000,0.000,NORMAL,LINUX_DRIVER
2026-10-02 05:37:21,0,0.000,0.000,0.000,NORMAL,LINUX_DRIVER
2026-10-02 05:37:22,0,0.000,0.000,0.000,NORMAL,LINUX_DRIVER
2026-10-02 05:37:23,0,0.000,0.000,0.000,NORMAL,LINUX_DRIVER
2026-10-02 05:37:24,0,0.000,0.000,0.000,NORMAL,LINUX_DRIVER
2026-10-02 05:37:25,0,0.000,0.000,0.000,NORMAL,LINUX_DRIVER
2026-10-02 05:37:26,0,0.000,0.000,0.000,NORMAL,LINUX_DRIVER
2026-10-02 05:37:27,0,0.000,0.000,0.000,NORMAL,LINUX_DRIVER
2026-10-02 05:37:28,0,0.000,0.000,0.000,NORMAL,LINUX_DRIVER
2026-10-02 05:37:29,0,0.000,0.000,0.000,NORMAL,LINUX_DRIVER
2026-10-02 05:37:30,0,0.000,0.000,0.000,NORMAL,LINUX_DRIVER
2026-10-02 05:37:31,0,0.000,0.000,0.000,NORMAL,LINUX_DRIVER
2026-10-02 05:37:32,0,0.000,0.000,0.000,NORMAL,LINUX_DRIVER
2026-10-02 05:37:33,0,0.000,0.000,0.000,NORMAL,LINUX_DRIVER
2026-10-02 05:37:34,0,0.000,0.000,0.000,NORMAL,LINUX_DRIVER
2026-10-02 05:37:35,0,0.000,0.000,0.000,NORMAL,LINUX_DRIVER
2026-10-02 05:37:36,0,0.000,0.000,0.000,NORMAL,LINUX_DRIVER
2026-10-02 05:37:37,0,0.000,0.000,0.000,NORMAL,LINUX_DRIVER
2026-10-02 05:37:38,0,0.000,0.000,0.000,NORMAL,LINUX_DRIVER
2026-10-02 05:37:39,0,0.000,0.000,0.000,NORMAL,LINUX_DRIVER
2026-10-02 05:37:40,0,0.000,0.000,0.000,NORMAL,LINUX_DRIVER
2026-10-02 05:37:41,0,0.000,0.000,0.000,NORMAL,LINUX_DRIVER
2026-10-02 05:37:42,0,0.000,0.000,0.000,NORMAL,LINUX_DRIVER
2026-10-02 05:37:43,0,0.000,0.000,0.000,NORMAL,LINUX_DRIVER
2026-10-02 05:37:44,0,0.000,0.000,0.000,NORMAL,LINUX_DRIVER
2026-10-02 05:37:45,0,0.000,0.000,0.000,NORMAL,LINUX_DRIVER
2026-10-02 05:37:46,0,0.000,0.000,0.000,NORMAL,LINUX_DRIVER
2026-10-02 05:37:47,0,0.000,0.000,0.000,NORMAL,LINUX_DRIVER
2026-10-02 05:37:48,0,0.000,0.000,0.000,NORMAL,LINUX_DRIVER
2026-10-02 05:37:49,0,0.000,0.000,0.000,NORMAL,LINUX_DRIVER
2026-10-02 05:37:50,0,0.000,0.000,0.000,NORMAL,LINUX_DRIVER
2026-10-02 05:37:51,0,0.000,0.000,0.000,NORMAL,LINUX_DRIVER
2026-10-02 05:37:52,0,0.000,0.000,0.000,NORMAL,LINUX_DRIVER
2026-10-02 05:37:53,0,0.000,0.000,0.000,NORMAL,LINUX_DRIVER
2026-10-02 05:37:54,0,0.000,0.000,0.000,NORMAL,LINUX_DRIVER
2026-10-02 05:37:55,0,0.000,0.000,0.000,NORMAL,LINUX_DRIVER
2026-10-02 05:37:56,0,0.000,0.000,0.000,NORMAL,LINUX_DRIVER
2026-10-02 05:37:57,0,0.000,0.000,0.000,NORMAL,LINUX_DRIVER
2026-10-02 05:37:58,0,0.000,0.000,0.000,NORMAL,LINUX_DRIVER
2026-10-02 05:37:59,0,0.000,0.000,0.000,NORMAL,LINUX_DRIVER
2026-10-02 05:38:00,0,0.000,0.000,0.000,NORMAL,LINUX_DRIVER
2026-10-02 05:38:01,0,0.000,0.000,0.000,NORMAL,LINUX_DRIVER
2026-10-02 05:38:02,0,0.000,0.000,0.000,NORMAL,LINUX_DRIVER
2026-10-02 05:38:03,0,0.000,0.000,0.000,NORMAL,LINUX_DRIVER
2026-10-02 05:38:04,0,0.000,0.000,0.000,NORMAL,LINUX_DRIVER
2026-10-02 05:38:05,0,0.000,0.000,0.000,NORMAL,LINUX_DRIVER
2026-10-02 05:38:06,0,0.000,0.000,0.000,NORMAL,LINUX_DRIVER
2026-10-02 05:38:07,0,0.000,0.000,0.000,NORMAL,LINUX_DRIVER
2026-10-02 05:38:08,0,0.000,0.000,0.000,NORMAL,LINUX_DRIVER
2026-10-02 05:38:09,0,0.000,0.000,0.000,NORMAL,LINUX_DRIVER
2026-10-02 05:38:10,0,0.000,0.000,0.000,NORMAL,LINUX_DRIVER
2026-10-02 05:38:11,0,0.000,0.000,0.000,NORMAL,LINUX_DRIVER
2026-10-02 05:38:12,0,0.000,0.000,0.000,NORMAL,LINUX_DRIVER
2026-10-02 05:38:13,0,0.000,0.000,0.000,NORMAL,LINUX_DRIVER
2026-10-02 05:38:14,0,0.000,0.000,0.000,NORMAL,LINUX_DRIVER
2026-10-02 05:38:15,0,0.000,0.000,0.000,NORMAL,LINUX_DRIVER
2026-10-02 05:38:16,0,0.000,0.000,0.000,NORMAL,LINUX_DRIVER
2026-10-02 05:38:17,0,0.000,0.000,0.000,NORMAL,LINUX_DRIVER
2026-10-02 05:38:18,0,0.000,0.000,0.000,NORMAL,LINUX_DRIVER
2026-10-02 05:38:19,0,0.000,0.000,0.000,NORMAL,LINUX_DRIVER
2026-10-02 05:38:20,0,0.000,0.000,0.000,NORMAL,LINUX_DRIVER
2026-10-02 05:38:21,0,0.000,0.000,0.000,NORMAL,LINUX_DRIVER
2026-10-02 05:38:22,0,0.000,0.000,0.000,NORMAL,LINUX_DRIVER
2026-10-02 05:38:23,0,0.000,0.000,0.000,NORMAL,LINUX_DRIVER
2026-10-02 05:38:24,0,0.000,0.000,0.000,NORMAL,LINUX_DRIVER
2026-10-02 05:38:25,0,0.000,0.000,0.000,NORMAL,LINUX_DRIVER
2026-10-02 05:38:26,0,0.000,0.000,0.000,NORMAL,LINUX_DRIVER
2026-10-02 05:38:27,0,0.000,0.000,0.000,NORMAL,LINUX_DRIVER
2026-10-02 05:38:28,0,0.000,0.000,0.000,NORMAL,LINUX_DRIVER
2026-10-02 05:38:29,0,0.000,0.000,0.000,NORMAL,LINUX_DRIVER
2026-10-02 05:38:30,0,0.000,0.000,0.000,NORMAL,LINUX_DRIVER
2026-10-02 05:38:31,0,0.000,0.000,0.000,NORMAL,LINUX_DRIVER
2026-10-02 05:38:32,0,0.000,0.000,0.000,NORMAL,LINUX_DRIVER
2026-10-02 05:38:33,0,0.000,0.000,0.000,NORMAL,LINUX_DRIVER
2026-10-02 05:38:34,0,0.000,0.000,0.000,NORMAL,LINUX_DRIVER
2026-10-02 05:38:35,0,0.000,0.000,0.000,NORMAL,LINUX_DRIVER
2026-10-02 05:38:36,0,0.000,0.000,0.000,NORMAL,LINUX_DRIVER
2026-10-02 05:38:37,0,0.000,0.000,0.000,NORMAL,LINUX_DRIVER
2026-10-02 05:38:38,0,0.000,0.000,0.000,NORMAL,LINUX_DRIVER
2026-10-02 05:38:39,0,0.000,0.000,0.000,NORMAL,LINUX_DRIVER
2026-10-02 05:38:40,0,0.000,0.000,0.000,NORMAL,LINUX_DRIVER
2026-10-02 05:38:41,0,0.000,0.000,0.000,NORMAL,LINUX_DRIVER
2026-10-02 05:38:42,0,0.000,0.000,0.000,NORMAL,LINUX_DRIVER
2026-10-02 05:38:43,0,0.000,0.000,0.000,NORMAL,LINUX_DRIVER
2026-10-02 05:38:44,0,0.000,0.000,0.000,NORMAL,LINUX_DRIVER
2026-10-02 05:38:45,0,0.000,0.000,0.000,NORMAL,LINUX_DRIVER
2026-10-02 05:38:46,0,0.000,0.000,0.000,NORMAL,LINUX_DRIVER
2026-10-02 05:38:47,0,0.000,0.000,0.000,NORMAL,LINUX_DRIVER
2026-10-02 05:38:48,0,0.000,0.000,0.000,NORMAL,LINUX_DRIVER
2026-10-02 05:38:49,0,0.000,0.000,0.000,NORMAL,LINUX_DRIVER
2026-10-02 05:38:50,0,0.000,0.000,0.000,NORMAL,LINUX_DRIVER
2026-10-02 05:38:51,0,0.000,0.000,0.000,NORMAL,LINUX_DRIVER
2026-10-02 05:38:52,0,0.000,0.000,0.000,NORMAL,LINUX_DRIVER
2026-10-02 05:38:53,10,10.000,0.010,35916.209,HIGH,LINUX_DRIVER
2026-10-02 05:38:54,10,10.000,0.010,0.000,NORMAL,LINUX_DRIVER
2026-10-02 05:38:55,10,10.000,0.010,0.000,NORMAL,LINUX_DRIVER
2026-10-02 05:38:56,10,10.000,0.010,0.000,NORMAL,LINUX_DRIVER
2026-10-02 05:38:57,10,10.000,0.010,0.000,NORMAL,LINUX_DRIVER
2026-10-02 05:38:58,10,10.000,0.010,0.000,NORMAL,LINUX_DRIVER
2026-10-02 05:38:59,10,10.000,0.010,0.000,NORMAL,LINUX_DRIVER
2026-10-02 05:39:01,10,10.000,0.010,0.000,NORMAL,LINUX_DRIVER
2026-10-02 05:39:02,10,10.000,0.010,0.000,NORMAL,LINUX_DRIVER
2026-10-02 05:39:03,10,10.000,0.010,0.000,NORMAL,LINUX_DRIVER
2026-10-02 05:39:04,10,10.000,0.010,0.000,NORMAL,LINUX_DRIVER
2026-10-02 05:39:05,10,10.000,0.010,0.000,NORMAL,LINUX_DRIVER
2026-10-02 05:39:06,10,10.000,0.010,0.000,NORMAL,LINUX_DRIVER
2026-10-02 05:39:07,10,10.000,0.010,0.000,NORMAL,LINUX_DRIVER
2026-10-02 05:39:08,10,10.000,0.010,0.000,NORMAL,LINUX_DRIVER
2026-10-02 05:39:09,10,10.000,0.010,0.000,NORMAL,LINUX_DRIVER
2026-10-02 05:39:10,10,10.000,0.010,0.000,NORMAL,LINUX_DRIVER
2026-10-02 05:39:11,10,10.000,0.010,0.000,NORMAL,LINUX_DRIVER
2026-10-02 05:39:12,10,10.000,0.010,0.000,NORMAL,LINUX_DRIVER
2026-10-02 05:39:13,10,10.000,0.010,0.000,NORMAL,LINUX_DRIVER
2026-10-02 05:39:14,10,10.000,0.010,0.000,NORMAL,LINUX_DRIVER
2026-10-02 05:39:15,10,10.000,0.010,0.000,NORMAL,LINUX_DRIVER
2026-10-02 05:39:16,10,10.000,0.010,0.000,NORMAL,LINUX_DRIVER
2026-10-02 05:39:17,10,10.000,0.010,0.000,NORMAL,LINUX_DRIVER
2026-10-02 05:39:18,10,10.000,0.010,0.000,NORMAL,LINUX_DRIVER
2026-10-02 05:39:19,10,10.000,0.010,0.000,NORMAL,LINUX_DRIVER
2026-10-02 05:39:20,10,10.000,0.010,0.000,NORMAL,LINUX_DRIVER
2026-10-02 05:39:21,10,10.000,0.010,0.000,NORMAL,LINUX_DRIVER
2026-10-02 05:39:22,10,10.000,0.010,0.000,NORMAL,LINUX_DRIVER
2026-10-02 05:39:23,10,10.000,0.010,0.000,NORMAL,LINUX_DRIVER
2026-10-02 05:39:24,10,10.000,0.010,0.000,NORMAL,LINUX_DRIVER
2026-10-02 05:39:25,10,10.000,0.010,0.000,NORMAL,LINUX_DRIVER
2026-10-02 05:39:26,10,10.000,0.010,0.000,NORMAL,LINUX_DRIVER
2026-10-02 05:39:27,10,10.000,0.010,0.000,NORMAL,LINUX_DRIVER
2026-10-02 05:39:28,10,10.000,0.010,0.000,NORMAL,LINUX_DRIVER
2026-10-02 05:39:29,10,10.000,0.010,0.000,NORMAL,LINUX_DRIVER
2026-10-02 05:39:30,10,10.000,0.010,0.000,NORMAL,LINUX_DRIVER
2026-10-02 05:39:31,10,10.000,0.010,0.000,NORMAL,LINUX_DRIVER
2026-10-02 05:39:32,10,10.000,0.010,0.000,NORMAL,LINUX_DRIVER
2026-10-02 05:39:33,10,10.000,0.010,0.000,NORMAL,LINUX_DRIVER
2026-10-02 05:39:34,10,10.000,0.010,0.000,NORMAL,LINUX_DRIVER
2026-10-02 05:39:35,10,10.000,0.010,0.000,NORMAL,LINUX_DRIVER
2026-10-02 05:39:36,10,10.000,0.010,0.000,NORMAL,LINUX_DRIVER
2026-10-02 05:39:37,10,10.000,0.010,0.000,NORMAL,LINUX_DRIVER
2026-10-02 05:39:38,10,10.000,0.010,0.000,NORMAL,LINUX_DRIVER
2026-10-02 05:39:39,10,10.000,0.010,0.000,NORMAL,LINUX_DRIVER
2026-10-02 05:39:40,10,10.000,0.010,0.000,NORMAL,LINUX_DRIVER
2026-10-02 05:39:41,10,10.000,0.010,0.000,NORMAL,LINUX_DRIVER
2026-10-02 05:39:42,10,10.000,0.010,0.000,NORMAL,LINUX_DRIVER
2026-10-02 05:39:43,10,10.000,0.010,0.000,NORMAL,LINUX_DRIVER
2026-10-02 05:39:44,10,10.000,0.010,0.000,NORMAL,LINUX_DRIVER
2026-10-02 05:39:45,10,10.000,0.010,0.000,NORMAL,LINUX_DRIVER
2026-10-02 05:39:46,10,10.000,0.010,0.000,NORMAL,LINUX_DRIVER
2026-10-02 05:39:47,10,10.000,0.010,0.000,NORMAL,LINUX_DRIVER
2026-10-02 05:39:48,10,10.000,0.010,0.000,NORMAL,LINUX_DRIVER
2026-10-02 05:39:49,10,10.000,0.010,0.000,NORMAL,LINUX_DRIVER
2026-10-02 05:39:50,10,10.000,0.010,0.000,NORMAL,LINUX_DRIVER
2026-10-02 05:39:51,10,10.000,0.010,0.000,NORMAL,LINUX_DRIVER
2026-10-02 05:39:52,10,10.000,0.010,0.000,NORMAL,LINUX_DRIVER
2026-10-02 05:39:53,10,10.000,0.010,0.000,NORMAL,LINUX_DRIVER
2026-10-02 05:39:54,10,10.000,0.010,0.000,NORMAL,LINUX_DRIVER
2026-10-02 05:39:55,10,10.000,0.010,0.000,NORMAL,LINUX_DRIVER
2026-10-02 05:39:56,10,10.000,0.010,0.000,NORMAL,LINUX_DRIVER
2026-10-02 05:39:57,10,10.000,0.010,0.000,NORMAL,LINUX_DRIVER
2026-10-02 05:39:58,10,10.000,0.010,0.000,NORMAL,LINUX_DRIVER
2026-10-02 05:39:59,10,10.000,0.010,0.000,NORMAL,LINUX_DRIVER
2026-10-02 05:40:00,10,10.000,0.010,0.000,NORMAL,LINUX_DRIVER
2026-10-02 05:40:01,10,10.000,0.010,0.000,NORMAL,LINUX_DRIVER
2026-10-02 05:40:02,20,20.000,0.020,35936.322,HIGH,LINUX_DRIVER
2026-10-02 05:40:03,20,20.000,0.020,0.000,NORMAL,LINUX_DRIVER
2026-10-02 05:40:04,20,20.000,0.020,0.000,NORMAL,LINUX_DRIVER
2026-10-02 05:40:05,20,20.000,0.020,0.000,NORMAL,LINUX_DRIVER
2026-10-02 05:40:06,20,20.000,0.020,0.000,NORMAL,LINUX_DRIVER
2026-10-02 05:40:07,20,20.000,0.020,0.000,NORMAL,LINUX_DRIVER
2026-10-02 05:40:08,20,20.000,0.020,0.000,NORMAL,LINUX_DRIVER
2026-10-02 05:40:09,20,20.000,0.020,0.000,NORMAL,LINUX_DRIVER
2026-10-02 05:40:10,20,20.000,0.020,0.000,NORMAL,LINUX_DRIVER
2026-10-02 05:40:11,20,20.000,0.020,0.000,NORMAL,LINUX_DRIVER
2026-10-02 05:40:12,20,20.000,0.020,0.000,NORMAL,LINUX_DRIVER
2026-10-02 05:40:13,20,20.000,0.020,0.000,NORMAL,LINUX_DRIVER
2026-10-02 05:40:14,20,20.000,0.020,0.000,NORMAL,LINUX_DRIVER
2026-10-02 05:40:15,20,20.000,0.020,0.000,NORMAL,LINUX_DRIVER
2026-10-02 05:40:16,20,20.000,0.020,0.000,NORMAL,LINUX_DRIVER
2026-10-02 05:40:17,20,20.000,0.020,0.000,NORMAL,LINUX_DRIVER
2026-10-02 05:40:18,20,20.000,0.020,0.000,NORMAL,LINUX_DRIVER
2026-10-02 05:40:19,20,20.000,0.020,0.000,NORMAL,LINUX_DRIVER
2026-10-02 05:40:20,20,20.000,0.020,0.000,NORMAL,LINUX_DRIVER
2026-10-02 05:40:21,20,20.000,0.020,0.000,NORMAL,LINUX_DRIVER
2026-10-02 05:40:22,20,20.000,0.020,0.000,NORMAL,LINUX_DRIVER
2026-10-02 05:40:23,20,20.000,0.020,0.000,NORMAL,LINUX_DRIVER
2026-10-02 05:40:24,20,20.000,0.020,0.000,NORMAL,LINUX_DRIVER
2026-10-02 05:40:25,20,20.000,0.020,0.000,NORMAL,LINUX_DRIVER
2026-10-02 05:40:26,20,20.000,0.020,0.000,NORMAL,LINUX_DRIVER
2026-10-02 05:40:27,20,20.000,0.020,0.000,NORMAL,LINUX_DRIVER
2026-10-02 05:40:28,20,20.000,0.020,0.000,NORMAL,LINUX_DRIVER
2026-10-02 05:40:29,120,120.000,0.120,358987.582,HIGH,LINUX_DRIVER
2026-10-02 05:40:30,120,120.000,0.120,0.000,NORMAL,LINUX_DRIVER
2026-10-02 05:40:31,120,120.000,0.120,0.000,NORMAL,LINUX_DRIVER
2026-10-02 05:40:32,120,120.000,0.120,0.000,NORMAL,LINUX_DRIVER
2026-10-02 05:40:33,120,120.000,0.120,0.000,NORMAL,LINUX_DRIVER
2026-10-02 05:40:34,120,120.000,0.120,0.000,NORMAL,LINUX_DRIVER
2026-10-02 05:40:35,120,120.000,0.120,0.000,NORMAL,LINUX_DRIVER
2026-10-02 05:40:36,120,120.000,0.120,0.000,NORMAL,LINUX_DRIVER
2026-10-02 05:40:37,120,120.000,0.120,0.000,NORMAL,LINUX_DRIVER
2026-10-02 05:40:38,120,120.000,0.120,0.000,NORMAL,LINUX_DRIVER
2026-10-02 05:40:39,120,120.000,0.120,0.000,NORMAL,LINUX_DRIVER
2026-10-02 05:40:40,120,120.000,0.120,0.000,NORMAL,LINUX_DRIVER
2026-10-02 05:40:41,120,120.000,0.120,0.000,NORMAL,LINUX_DRIVER
2026-10-02 05:40:42,120,120.000,0.120,0.000,NORMAL,LINUX_DRIVER
2026-10-02 05:40:43,120,120.000,0.120,0.000,NORMAL,LINUX_DRIVER
2026-10-02 05:40:44,120,120.000,0.120,0.000,NORMAL,LINUX_DRIVER
2026-10-02 05:40:45,120,120.000,0.120,0.000,NORMAL,LINUX_DRIVER
2026-10-02 05:40:46,120,120.000,0.120,0.000,NORMAL,LINUX_DRIVER
2026-10-02 05:40:47,120,120.000,0.120,0.000,NORMAL,LINUX_DRIVER
2026-10-02 05:40:48,120,120.000,0.120,0.000,NORMAL,LINUX_DRIVER
2026-10-02 05:40:49,120,120.000,0.120,0.000,NORMAL,LINUX_DRIVER
2026-10-02 05:40:50,120,120.000,0.120,0.000,NORMAL,LINUX_DRIVER
2026-10-02 05:40:51,120,120.000,0.120,0.000,NORMAL,LINUX_DRIVER
2026-10-02 05:40:52,120,120.000,0.120,0.000,NORMAL,LINUX_DRIVER
2026-10-02 05:40:53,120,120.000,0.120,0.000,NORMAL,LINUX_DRIVER
2026-10-02 05:40:54,120,120.000,0.120,0.000,NORMAL,LINUX_DRIVER
2026-10-02 05:40:55,120,120.000,0.120,0.000,NORMAL,LINUX_DRIVER
2026-10-02 05:40:56,120,120.000,0.120,0.000,NORMAL,LINUX_DRIVER
2026-10-02 05:40:57,120,120.000,0.120,0.000,NORMAL,LINUX_DRIVER
2026-10-02 05:40:58,120,120.000,0.120,0.000,NORMAL,LINUX_DRIVER
2026-10-02 05:40:59,120,120.000,0.120,0.000,NORMAL,LINUX_DRIVER
2026-10-02 05:41:00,120,120.000,0.120,0.000,NORMAL,LINUX_DRIVER
2026-10-02 05:41:01,120,120.000,0.120,0.000,NORMAL,LINUX_DRIVER
2026-10-02 05:41:02,120,120.000,0.120,0.000,NORMAL,LINUX_DRIVER
2026-10-02 05:41:03,120,120.000,0.120,0.000,NORMAL,LINUX_DRIVER
2026-10-02 05:41:04,120,120.000,0.120,0.000,NORMAL,LINUX_DRIVER
2026-10-02 05:41:05,120,120.000,0.120,0.000,NORMAL,LINUX_DRIVER
2026-10-02 05:41:06,120,120.000,0.120,0.000,NORMAL,LINUX_DRIVER
2026-10-02 05:41:07,120,120.000,0.120,0.000,NORMAL,LINUX_DRIVER
2026-10-02 05:41:08,120,120.000,0.120,0.000,NORMAL,LINUX_DRIVER
2026-10-02 05:41:09,120,120.000,0.120,0.000,NORMAL,LINUX_DRIVER
2026-10-02 05:41:10,120,120.000,0.120,0.000,NORMAL,LINUX_DRIVER
2026-10-02 05:41:11,120,120.000,0.120,0.000,NORMAL,LINUX_DRIVER
2026-10-02 05:41:12,120,120.000,0.120,0.000,NORMAL,LINUX_DRIVER
2026-10-02 05:41:13,120,120.000,0.120,0.000,NORMAL,LINUX_DRIVER
2026-10-02 05:41:14,120,120.000,0.120,0.000,NORMAL,LINUX_DRIVER
2026-10-02 05:41:15,120,120.000,0.120,0.000,NORMAL,LINUX_DRIVER
2026-10-02 05:41:16,120,120.000,0.120,0.000,NORMAL,LINUX_DRIVER
2026-10-02 05:41:17,120,120.000,0.120,0.000,NORMAL,LINUX_DRIVER
2026-10-02 05:41:18,120,120.000,0.120,0.000,NORMAL,LINUX_DRIVER
2026-10-02 05:41:19,120,120.000,0.120,0.000,NORMAL,LINUX_DRIVER
2026-10-02 05:41:20,120,120.000,0.120,0.000,NORMAL,LINUX_DRIVER
2026-10-02 05:41:21,120,120.000,0.120,0.000,NORMAL,LINUX_DRIVER
2026-10-02 05:41:22,120,120.000,0.120,0.000,NORMAL,LINUX_DRIVER
2026-10-02 05:41:23,120,120.000,0.120,0.000,NORMAL,LINUX_DRIVER
2026-10-02 05:41:24,120,120.000,0.120,0.000,NORMAL,LINUX_DRIVER
2026-10-02 05:41:25,120,120.000,0.120,0.000,NORMAL,LINUX_DRIVER
2026-10-02 05:41:26,120,120.000,0.120,0.000,NORMAL,LINUX_DRIVER
2026-10-02 05:41:27,120,120.000,0.120,0.000,NORMAL,LINUX_DRIVER
2026-10-02 05:41:28,120,120.000,0.120,0.000,NORMAL,LINUX_DRIVER
2026-10-02 05:41:29,120,120.000,0.120,0.000,NORMAL,LINUX_DRIVER
2026-10-02 05:41:30,120,120.000,0.120,0.000,NORMAL,LINUX_DRIVER
2026-10-02 05:41:31,120,120.000,0.120,0.000,NORMAL,LINUX_DRIVER
2026-10-02 05:41:32,120,120.000,0.120,0.000,NORMAL,LINUX_DRIVER
2026-10-02 05:41:33,120,120.000,0.120,0.000,NORMAL,LINUX_DRIVER
2026-10-02 05:41:34,120,120.000,0.120,0.000,NORMAL,LINUX_DRIVER
2026-10-02 05:41:35,120,120.000,0.120,0.000,NORMAL,LINUX_DRIVER
2026-10-02 05:41:36,120,120.000,0.120,0.000,NORMAL,LINUX_DRIVER
2026-10-02 05:41:37,120,120.000,0.120,0.000,NORMAL,LINUX_DRIVER
2026-10-02 05:41:38,120,120.000,0.120,0.000,NORMAL,LINUX_DRIVER
2026-10-02 05:41:39,120,120.000,0.120,0.000,NORMAL,LINUX_DRIVER
2026-10-02 05:41:40,120,120.000,0.120,0.000,NORMAL,LINUX_DRIVER
2026-10-02 05:41:41,120,120.000,0.120,0.000,NORMAL,LINUX_DRIVER
2026-10-02 05:41:42,120,120.000,0.120,0.000,NORMAL,LINUX_DRIVER
2026-10-02 05:41:43,120,120.000,0.120,0.000,NORMAL,LINUX_DRIVER
2026-10-02 05:41:44,120,120.000,0.120,0.000,NORMAL,LINUX_DRIVER
2026-10-02 05:41:45,120,120.000,0.120,0.000,NORMAL,LINUX_DRIVER
2026-10-02 05:41:46,120,120.000,0.120,0.000,NORMAL,LINUX_DRIVER
2026-10-02 05:41:47,120,120.000,0.120,0.000,NORMAL,LINUX_DRIVER
2026-10-02 05:41:48,120,120.000,0.120,0.000,NORMAL,LINUX_DRIVER
2026-10-02 05:41:49,120,120.000,0.120,0.000,NORMAL,LINUX_DRIVER
2026-10-02 05:41:50,120,120.000,0.120,0.000,NORMAL,LINUX_DRIVER
2026-10-02 05:41:51,120,120.000,0.120,0.000,NORMAL,LINUX_DRIVER
2026-10-02 05:41:52,120,120.000,0.120,0.000,NORMAL,LINUX_DRIVER
2026-10-02 05:41:53,120,120.000,0.120,0.000,NORMAL,LINUX_DRIVER
2026-10-02 05:41:54,120,120.000,0.120,0.000,NORMAL,LINUX_DRIVER
2026-10-02 05:41:55,120,120.000,0.120,0.000,NORMAL,LINUX_DRIVER
2026-10-02 05:41:56,120,120.000,0.120,0.000,NORMAL,LINUX_DRIVER
2026-10-02 05:41:57,120,120.000,0.120,0.000,NORMAL,LINUX_DRIVER
2026-10-02 05:41:58,120,120.000,0.120,0.000,NORMAL,LINUX_DRIVER
2026-10-02 05:41:59,120,120.000,0.120,0.000,NORMAL,LINUX_DRIVER
2026-10-02 05:42:00,120,120.000,0.120,0.000,NORMAL,LINUX_DRIVER
2026-10-02 05:42:01,120,120.000,0.120,0.000,NORMAL,LINUX_DRIVER
2026-10-02 05:42:02,120,120.000,0.120,0.000,NORMAL,LINUX_DRIVER
2026-10-02 05:42:03,120,120.000,0.120,0.000,NORMAL,LINUX_DRIVER
2026-10-02 05:42:04,120,120.000,0.120,0.000,NORMAL,LINUX_DRIVER
2026-10-02 05:42:05,120,120.000,0.120,0.000,NORMAL,LINUX_DRIVER
2026-10-02 05:42:06,120,120.000,0.120,0.000,NORMAL,LINUX_DRIVER
2026-10-02 05:42:07,120,120.000,0.120,0.000,NORMAL,LINUX_DRIVER
2026-10-02 05:42:08,120,120.000,0.120,0.000,NORMAL,LINUX_DRIVER
2026-10-02 05:42:09,120,120.000,0.120,0.000,NORMAL,LINUX_DRIVER
2026-10-02 05:42:10,120,120.000,0.120,0.000,NORMAL,LINUX_DRIVER
2026-10-02 05:42:11,120,120.000,0.120,0.000,NORMAL,LINUX_DRIVER
2026-10-02 05:42:12,120,120.000,0.120,0.000,NORMAL,LINUX_DRIVER
2026-10-02 05:42:13,120,120.000,0.120,0.000,NORMAL,LINUX_DRIVER
2026-10-02 05:42:14,120,120.000,0.120,0.000,NORMAL,LINUX_DRIVER
2026-10-02 05:42:15,120,120.000,0.120,0.000,NORMAL,LINUX_DRIVER
2026-10-02 05:42:16,120,120.000,0.120,0.000,NORMAL,LINUX_DRIVER
2026-10-02 05:42:17,120,120.000,0.120,0.000,NORMAL,LINUX_DRIVER
2026-10-02 05:42:18,120,120.000,0.120,0.000,NORMAL,LINUX_DRIVER
2026-10-02 05:42:19,120,120.000,0.120,0.000,NORMAL,LINUX_DRIVER
2026-10-02 05:42:20,120,120.000,0.120,0.000,NORMAL,LINUX_DRIVER
2026-10-02 05:42:21,120,120.000,0.120,0.000,NORMAL,LINUX_DRIVER
2026-10-02 05:42:22,120,120.000,0.120,0.000,NORMAL,LINUX_DRIVER
2026-10-02 05:42:23,120,120.000,0.120,0.000,NORMAL,LINUX_DRIVER
2026-10-02 05:42:24,120,120.000,0.120,0.000,NORMAL,LINUX_DRIVER
2026-10-02 05:42:25,120,120.000,0.120,0.000,NORMAL,LINUX_DRIVER
2026-10-02 05:42:26,120,120.000,0.120,0.000,NORMAL,LINUX_DRIVER
2026-10-02 05:42:27,120,120.000,0.120,0.000,NORMAL,LINUX_DRIVER
2026-10-02 05:42:28,120,120.000,0.120,0.000,NORMAL,LINUX_DRIVER
2026-10-02 05:42:29,120,120.000,0.120,0.000,NORMAL,LINUX_DRIVER
2026-10-02 05:42:30,120,120.000,0.120,0.000,NORMAL,LINUX_DRIVER
2026-10-02 05:42:31,120,120.000,0.120,0.000,NORMAL,LINUX_DRIVER
2026-10-02 05:42:32,120,120.000,0.120,0.000,NORMAL,LINUX_DRIVER
2026-10-02 05:42:33,120,120.000,0.120,0.000,NORMAL,LINUX_DRIVER
2026-10-02 05:42:34,120,120.000,0.120,0.000,NORMAL,LINUX_DRIVER
2026-10-02 05:42:35,120,120.000,0.120,0.000,NORMAL,LINUX_DRIVER
2026-10-02 05:42:36,120,120.000,0.120,0.000,NORMAL,LINUX_DRIVER
2026-10-02 05:42:37,120,120.000,0.120,0.000,NORMAL,LINUX_DRIVER
2026-10-02 05:42:38,120,120.000,0.120,0.000,NORMAL,LINUX_DRIVER
2026-10-02 05:42:39,120,120.000,0.120,0.000,NORMAL,LINUX_DRIVER
2026-10-02 05:42:40,120,120.000,0.120,0.000,NORMAL,LINUX_DRIVER
2026-10-02 05:42:41,120,120.000,0.120,0.000,NORMAL,LINUX_DRIVER
2026-10-02 05:42:42,120,120.000,0.120,0.000,NORMAL,LINUX_DRIVER
2026-10-02 05:42:43,120,120.000,0.120,0.000,NORMAL,LINUX_DRIVER
2026-10-02 05:42:44,120,120.000,0.120,0.000,NORMAL,LINUX_DRIVER
2026-10-02 05:42:45,120,120.000,0.120,0.000,NORMAL,LINUX_DRIVER
2026-10-02 05:42:46,120,120.000,0.120,0.000,NORMAL,LINUX_DRIVER
2026-10-02 05:42:47,120,120.000,0.120,0.000,NORMAL,LINUX_DRIVER
2026-10-02 05:42:48,120,120.000,0.120,0.000,NORMAL,LINUX_DRIVER
2026-10-02 05:42:49,120,120.000,0.120,0.000,NORMAL,LINUX_DRIVER
2026-10-02 05:42:50,120,120.000,0.120,0.000,NORMAL,LINUX_DRIVER
2026-10-02 05:42:51,120,120.000,0.120,0.000,NORMAL,LINUX_DRIVER
2026-10-02 05:42:52,120,120.000,0.120,0.000,NORMAL,LINUX_DRIVER
2026-10-02 05:42:53,120,120.000,0.120,0.000,NORMAL,LINUX_DRIVER
2026-10-02 05:42:54,120,120.000,0.120,0.000,NORMAL,LINUX_DRIVER
2026-10-02 05:42:55,120,120.000,0.120,0.000,NORMAL,LINUX_DRIVER
2026-10-02 05:42:56,120,120.000,0.120,0.000,NORMAL,LINUX_DRIVER
2026-10-02 05:42:57,120,120.000,0.120,0.000,NORMAL,LINUX_DRIVER
2026-10-02 05:42:58,120,120.000,0.120,0.000,NORMAL,LINUX_DRIVER
2026-10-02 05:42:59,120,120.000,0.120,0.000,NORMAL,LINUX_DRIVER
2026-10-02 05:43:00,120,120.000,0.120,0.000,NORMAL,LINUX_DRIVER
2026-10-02 05:43:01,120,120.000,0.120,0.000,NORMAL,LINUX_DRIVER
2026-10-02 05:43:02,120,120.000,0.120,0.000,NORMAL,LINUX_DRIVER
2026-10-02 05:43:03,120,120.000,0.120,0.000,NORMAL,LINUX_DRIVER
2026-10-02 05:43:04,120,120.000,0.120,0.000,NORMAL,LINUX_DRIVER
2026-10-02 05:43:05,120,120.000,0.120,0.000,NORMAL,LINUX_DRIVER
2026-10-02 05:43:06,120,120.000,0.120,0.000,NORMAL,LINUX_DRIVER
2026-10-02 05:43:07,120,120.000,0.120,0.000,NORMAL,LINUX_DRIVER
2026-10-02 05:43:08,120,120.000,0.120,0.000,NORMAL,LINUX_DRIVER
2026-10-02 05:43:09,120,120.000,0.120,0.000,NORMAL,LINUX_DRIVER
2026-10-02 05:43:10,120,120.000,0.120,0.000,NORMAL,LINUX_DRIVER
2026-10-02 05:43:11,120,120.000,0.120,0.000,NORMAL,LINUX_DRIVER
2026-10-02 05:43:12,120,120.000,0.120,0.000,NORMAL,LINUX_DRIVER
2026-10-02 05:43:13,120,120.000,0.120,0.000,NORMAL,LINUX_DRIVER
2026-10-02 05:43:14,120,120.000,0.120,0.000,NORMAL,LINUX_DRIVER
2026-10-02 05:43:15,120,120.000,0.120,0.000,NORMAL,LINUX_DRIVER
2026-10-02 05:43:16,120,120.000,0.120,0.000,NORMAL,LINUX_DRIVER
2026-10-02 05:43:17,120,120.000,0.120,0.000,NORMAL,LINUX_DRIVER
2026-10-02 05:43:18,120,120.000,0.120,0.000,NORMAL,LINUX_DRIVER
2026-10-02 05:43:19,120,120.000,0.120,0.000,NORMAL,LINUX_DRIVER
2026-10-02 05:43:20,120,120.000,0.120,0.000,NORMAL,LINUX_DRIVER
2026-10-02 05:43:21,120,120.000,0.120,0.000,NORMAL,LINUX_DRIVER
2026-10-02 05:43:22,120,120.000,0.120,0.000,NORMAL,LINUX_DRIVER
2026-10-02 05:43:23,120,120.000,0.120,0.000,NORMAL,LINUX_DRIVER
2026-10-02 05:43:24,120,120.000,0.120,0.000,NORMAL,LINUX_DRIVER
2026-10-02 05:43:25,120,120.000,0.120,0.000,NORMAL,LINUX_DRIVER
2026-10-02 05:43:26,120,120.000,0.120,0.000,NORMAL,LINUX_DRIVER
2026-10-02 05:43:27,120,120.000,0.120,0.000,NORMAL,LINUX_DRIVER
2026-10-02 05:43:28,120,120.000,0.120,0.000,NORMAL,LINUX_DRIVER
2026-10-02 05:43:29,120,120.000,0.120,0.000,NORMAL,LINUX_DRIVER
2026-10-02 05:43:30,120,120.000,0.120,0.000,NORMAL,LINUX_DRIVER
2026-10-02 05:43:31,120,120.000,0.120,0.000,NORMAL,LINUX_DRIVER
2026-10-02 05:43:32,120,120.000,0.120,0.000,NORMAL,LINUX_DRIVER
2026-10-02 05:43:33,120,120.000,0.120,0.000,NORMAL,LINUX_DRIVER
2026-10-02 05:43:34,120,120.000,0.120,0.000,NORMAL,LINUX_DRIVER
2026-10-02 05:43:35,120,120.000,0.120,0.000,NORMAL,LINUX_DRIVER
2026-10-02 05:43:36,120,120.000,0.120,0.000,NORMAL,LINUX_DRIVER
2026-10-02 05:43:37,120,120.000,0.120,0.000,NORMAL,LINUX_DRIVER
2026-10-02 05:43:38,120,120.000,0.120,0.000,NORMAL,LINUX_DRIVER
2026-10-02 05:43:39,120,120.000,0.120,0.000,NORMAL,LINUX_DRIVER
2026-10-02 05:43:40,120,120.000,0.120,0.000,NORMAL,LINUX_DRIVER
2026-10-02 05:43:41,120,120.000,0.120,0.000,NORMAL,LINUX_DRIVER
2026-10-02 05:43:42,120,120.000,0.120,0.000,NORMAL,LINUX_DRIVER
2026-10-02 05:43:43,120,120.000,0.120,0.000,NORMAL,LINUX_DRIVER
2026-10-02 05:43:44,120,120.000,0.120,0.000,NORMAL,LINUX_DRIVER
2026-10-02 05:43:45,120,120.000,0.120,0.000,NORMAL,LINUX_DRIVER
2026-10-02 05:43:46,120,120.000,0.120,0.000,NORMAL,LINUX_DRIVER
2026-10-02 05:43:47,120,120.000,0.120,0.000,NORMAL,LINUX_DRIVER
2026-10-02 05:43:48,120,120.000,0.120,0.000,NORMAL,LINUX_DRIVER
2026-10-02 05:43:49,120,120.000,0.120,0.000,NORMAL,LINUX_DRIVER
2026-10-02 05:43:50,120,120.000,0.120,0.000,NORMAL,LINUX_DRIVER
2026-10-02 05:43:51,120,120.000,0.120,0.000,NORMAL,LINUX_DRIVER
2026-10-02 05:43:52,120,120.000,0.120,0.000,NORMAL,LINUX_DRIVER
2026-10-02 05:43:53,120,120.000,0.120,0.000,NORMAL,LINUX_DRIVER
2026-10-02 05:43:54,120,120.000,0.120,0.000,NORMAL,LINUX_DRIVER
2026-10-02 05:43:55,120,120.000,0.120,0.000,NORMAL,LINUX_DRIVER
2026-10-02 05:43:56,120,120.000,0.120,0.000,NORMAL,LINUX_DRIVER
2026-10-02 05:43:57,120,120.000,0.120,0.000,NORMAL,LINUX_DRIVER
2026-10-02 05:43:58,120,120.000,0.120,0.000,NORMAL,LINUX_DRIVER
2026-10-02 05:43:59,120,120.000,0.120,0.000,NORMAL,LINUX_DRIVER
2026-10-02 05:44:00,120,120.000,0.120,0.000,NORMAL,LINUX_DRIVER
2026-10-02 05:44:01,120,120.000,0.120,0.000,NORMAL,LINUX_DRIVER
2026-10-02 05:44:02,120,120.000,0.120,0.000,NORMAL,LINUX_DRIVER
2026-10-02 05:44:03,120,120.000,0.120,0.000,NORMAL,LINUX_DRIVER
2026-10-02 05:44:04,120,120.000,0.120,0.000,NORMAL,LINUX_DRIVER
2026-10-02 05:44:05,120,120.000,0.120,0.000,NORMAL,LINUX_DRIVER
2026-10-02 05:44:06,120,120.000,0.120,0.000,NORMAL,LINUX_DRIVER
2026-10-02 05:44:07,120,120.000,0.120,0.000,NORMAL,LINUX_DRIVER
2026-10-02 05:44:08,120,120.000,0.120,0.000,NORMAL,LINUX_DRIVER
2026-10-02 05:44:09,120,120.000,0.120,0.000,NORMAL,LINUX_DRIVER
2026-10-02 05:44:10,120,120.000,0.120,0.000,NORMAL,LINUX_DRIVER
2026-10-02 05:44:11,120,120.000,0.120,0.000,NORMAL,LINUX_DRIVER
2026-10-02 05:44:12,120,120.000,0.120,0.000,NORMAL,LINUX_DRIVER
2026-10-02 05:44:13,120,120.000,0.120,0.000,NORMAL,LINUX_DRIVER
2026-10-02 05:44:14,120,120.000,0.120,0.000,NORMAL,LINUX_DRIVER
2026-10-02 05:44:15,120,120.000,0.120,0.000,NORMAL,LINUX_DRIVER
2026-10-02 05:44:16,120,120.000,0.120,0.000,NORMAL,LINUX_DRIVER
2026-10-02 05:44:17,120,120.000,0.120,0.000,NORMAL,LINUX_DRIVER
2026-10-02 05:44:18,120,120.000,0.120,0.000,NORMAL,LINUX_DRIVER
2026-10-02 05:44:19,120,120.000,0.120,0.000,NORMAL,LINUX_DRIVER
2026-10-02 05:44:20,120,120.000,0.120,0.000,NORMAL,LINUX_DRIVER
2026-10-02 05:44:21,120,120.000,0.120,0.000,NORMAL,LINUX_DRIVER
2026-10-02 05:44:22,120,120.000,0.120,0.000,NORMAL,LINUX_DRIVER
2026-10-02 05:44:23,120,120.000,0.120,0.000,NORMAL,LINUX_DRIVER
2026-10-02 05:44:24,120,120.000,0.120,0.000,NORMAL,LINUX_DRIVER
2026-10-02 05:44:25,120,120.000,0.120,0.000,NORMAL,LINUX_DRIVER
2026-10-02 05:44:26,120,120.000,0.120,0.000,NORMAL,LINUX_DRIVER
2026-10-02 05:44:27,120,120.000,0.120,0.000,NORMAL,LINUX_DRIVER
2026-10-02 05:44:28,120,120.000,0.120,0.000,NORMAL,LINUX_DRIVER
2026-10-02 05:44:29,120,120.000,0.120,0.000,NORMAL,LINUX_DRIVER
2026-10-02 05:44:30,120,120.000,0.120,0.000,NORMAL,LINUX_DRIVER
2026-10-02 05:44:31,120,120.000,0.120,0.000,NORMAL,LINUX_DRIVER
2026-10-02 05:44:32,120,120.000,0.120,0.000,NORMAL,LINUX_DRIVER
2026-10-02 05:44:33,120,120.000,0.120,0.000,NORMAL,LINUX_DRIVER
2026-10-02 05:44:34,120,120.000,0.120,0.000,NORMAL,LINUX_DRIVER
2026-10-02 05:44:35,120,120.000,0.120,0.000,NORMAL,LINUX_DRIVER
2026-10-02 05:44:36,120,120.000,0.120,0.000,NORMAL,LINUX_DRIVER
2026-10-02 05:44:37,120,120.000,0.120,0.000,NORMAL,LINUX_DRIVER
2026-10-02 05:44:38,120,120.000,0.120,0.000,NORMAL,LINUX_DRIVER
2026-10-02 05:44:39,120,120.000,0.120,0.000,NORMAL,LINUX_DRIVER
2026-10-02 05:44:40,120,120.000,0.120,0.000,NORMAL,LINUX_DRIVER
2026-10-02 05:44:41,120,120.000,0.120,0.000,NORMAL,LINUX_DRIVER
2026-10-02 05:44:42,120,120.000,0.120,0.000,NORMAL,LINUX_DRIVER
2026-10-02 05:44:43,120,120.000,0.120,0.000,NORMAL,LINUX_DRIVER
2026-10-02 05:44:44,120,120.000,0.120,0.000,NORMAL,LINUX_DRIVER
2026-10-02 05:44:45,120,120.000,0.120,0.000,NORMAL,LINUX_DRIVER
2026-10-02 05:44:46,120,120.000,0.120,0.000,NORMAL,LINUX_DRIVER
2026-10-02 05:44:48,120,120.000,0.120,0.000,NORMAL,LINUX_DRIVER
2026-10-02 05:44:49,120,120.000,0.120,0.000,NORMAL,LINUX_DRIVER
2026-10-02 05:44:50,120,120.000,0.120,0.000,NORMAL,LINUX_DRIVER
2026-10-02 05:44:51,120,120.000,0.120,0.000,NORMAL,LINUX_DRIVER
2026-10-02 05:44:52,120,120.000,0.120,0.000,NORMAL,LINUX_DRIVER
2026-10-02 05:44:53,120,120.000,0.120,0.000,NORMAL,LINUX_DRIVER
2026-10-02 05:44:54,120,120.000,0.120,0.000,NORMAL,LINUX_DRIVER
2026-10-02 05:44:55,120,120.000,0.120,0.000,NORMAL,LINUX_DRIVER
2026-10-02 05:44:56,120,120.000,0.120,0.000,NORMAL,LINUX_DRIVER
2026-10-02 05:44:57,120,120.000,0.120,0.000,NORMAL,LINUX_DRIVER
2026-10-02 05:44:58,120,120.000,0.120,0.000,NORMAL,LINUX_DRIVER
2026-10-02 05:44:59,120,120.000,0.120,0.000,NORMAL,LINUX_DRIVER
2026-10-02 05:45:00,120,120.000,0.120,0.000,NORMAL,LINUX_DRIVER
2026-10-02 05:45:01,120,120.000,0.120,0.000,NORMAL,LINUX_DRIVER
2026-10-02 05:45:02,120,120.000,0.120,0.000,NORMAL,LINUX_DRIVER
2026-10-02 05:45:03,120,120.000,0.120,0.000,NORMAL,LINUX_DRIVER
2026-10-02 05:45:04,120,120.000,0.120,0.000,NORMAL,LINUX_DRIVER
2026-10-02 05:45:05,120,120.000,0.120,0.000,NORMAL,LINUX_DRIVER
2026-10-02 05:45:06,120,120.000,0.120,0.000,NORMAL,LINUX_DRIVER
2026-10-02 05:45:07,120,120.000,0.120,0.000,NORMAL,LINUX_DRIVER
2026-10-02 05:45:08,120,120.000,0.120,0.000,NORMAL,LINUX_DRIVER
2026-10-02 05:45:09,120,120.000,0.120,0.000,NORMAL,LINUX_DRIVER
2026-10-02 05:45:10,120,120.000,0.120,0.000,NORMAL,LINUX_DRIVER
2026-10-02 05:45:11,120,120.000,0.120,0.000,NORMAL,LINUX_DRIVER
2026-10-02 05:45:12,120,120.000,0.120,0.000,NORMAL,LINUX_DRIVER
2026-10-02 05:45:13,120,120.000,0.120,0.000,NORMAL,LINUX_DRIVER
2026-10-02 05:45:14,120,120.000,0.120,0.000,NORMAL,LINUX_DRIVER
2026-10-02 05:45:15,120,120.000,0.120,0.000,NORMAL,LINUX_DRIVER
2026-10-02 05:45:16,120,120.000,0.120,0.000,NORMAL,LINUX_DRIVER
2026-10-02 05:45:17,120,120.000,0.120,0.000,NORMAL,LINUX_DRIVER
2026-10-02 05:45:18,120,120.000,0.120,0.000,NORMAL,LINUX_DRIVER
2026-10-02 05:45:19,120,120.000,0.120,0.000,NORMAL,LINUX_DRIVER
2026-10-02 05:45:20,120,120.000,0.120,0.000,NORMAL,LINUX_DRIVER
2026-10-02 05:45:21,120,120.000,0.120,0.000,NORMAL,LINUX_DRIVER
2026-10-02 05:45:22,120,120.000,0.120,0.000,NORMAL,LINUX_DRIVER
2026-10-02 05:45:23,120,120.000,0.120,0.000,NORMAL,LINUX_DRIVER
2026-10-02 05:45:24,120,120.000,0.120,0.000,NORMAL,LINUX_DRIVER
2026-10-02 05:45:25,120,120.000,0.120,0.000,NORMAL,LINUX_DRIVER
2026-10-02 05:45:26,120,120.000,0.120,0.000,NORMAL,LINUX_DRIVER
2026-10-02 05:45:27,120,120.000,0.120,0.000,NORMAL,LINUX_DRIVER
2026-10-02 05:45:28,120,120.000,0.120,0.000,NORMAL,LINUX_DRIVER
2026-10-02 05:45:29,120,120.000,0.120,0.000,NORMAL,LINUX_DRIVER
2026-10-02 05:45:30,120,120.000,0.120,0.000,NORMAL,LINUX_DRIVER
2026-10-02 05:45:31,120,120.000,0.120,0.000,NORMAL,LINUX_DRIVER
2026-10-02 05:45:32,120,120.000,0.120,0.000,NORMAL,LINUX_DRIVER
2026-10-02 05:45:33,120,120.000,0.120,0.000,NORMAL,LINUX_DRIVER
2026-10-02 05:45:34,120,120.000,0.120,0.000,NORMAL,LINUX_DRIVER
2026-10-02 05:45:35,120,120.000,0.120,0.000,NORMAL,LINUX_DRIVER
2026-10-02 05:45:36,120,120.000,0.120,0.000,NORMAL,LINUX_DRIVER
2026-10-02 05:45:37,120,120.000,0.120,0.000,NORMAL,LINUX_DRIVER
2026-10-02 05:45:38,120,120.000,0.120,0.000,NORMAL,LINUX_DRIVER
2026-10-02 05:45:39,120,120.000,0.120,0.000,NORMAL,LINUX_DRIVER
2026-10-02 05:45:40,120,120.000,0.120,0.000,NORMAL,LINUX_DRIVER
2026-10-02 05:45:41,120,120.000,0.120,0.000,NORMAL,LINUX_DRIVER
